#options: 1280x720 fps=30/1 timebase=1/30 bitdepth=8 cabac=1 ref=1 deblock=1:0:0 analyse=0x1:0 me=dia subme=2 psy=1 psy_rd=1.00:0.00 mixed_ref=0 me_range=16 chroma_me=1 trellis=0 8x8dct=0 cqm=0 deadzone=21,11 fast_pskip=1 chroma_qp_offset=0 threads=18 lookahead_threads=5 sliced_threads=0 nr=0 decimate=1 interlaced=0 bluray_compat=0 constrained_intra=0 bframes=3 b_pyramid=2 b_adapt=1 b_bias=0 direct=1 weightb=1 open_gop=0 weightp=2 keyint=250 keyint_min=25 scenecut=40 intra_refresh=0 rc_lookahead=40 rc=abr mbtree=1 bitrate=2295 ratetol=1.0 qcomp=0.60 qpmin=0 qpmax=69 qpstep=4 ip_ratio=1.40 aq=1:1.00
in:0 out:0 type:I dur:2 cpbdur:2 q:28.78 aq:12.99 tex:186163 mv:45422 misc:167 imb:3600 pmb:0 smb:0 d:- ref:;
in:4 out:1 type:P dur:2 cpbdur:2 q:29.29 aq:20.11 tex:18939 mv:3970 misc:1523 imb:24 pmb:626 smb:2950 d:- ref:0 ;
in:2 out:2 type:B dur:2 cpbdur:2 q:29.29 aq:17.88 tex:134 mv:1508 misc:814 imb:0 pmb:124 smb:3476 d:- ref:0 ;
in:1 out:3 type:b dur:2 cpbdur:2 q:29.29 aq:14.00 tex:21 mv:680 misc:539 imb:0 pmb:58 smb:3542 d:- ref:0 ;
in:3 out:4 type:b dur:2 cpbdur:2 q:29.29 aq:24.78 tex:153 mv:744 misc:567 imb:0 pmb:73 smb:3527 d:- ref:0 ;
in:8 out:5 type:P dur:2 cpbdur:2 q:28.96 aq:20.20 tex:29780 mv:5032 misc:1412 imb:43 pmb:755 smb:2802 d:- ref:0 ;
in:6 out:6 type:B dur:2 cpbdur:2 q:29.13 aq:22.25 tex:487 mv:1817 misc:920 imb:2 pmb:154 smb:3444 d:- ref:0 ;
in:5 out:7 type:b dur:2 cpbdur:2 q:29.21 aq:26.44 tex:185 mv:714 misc:573 imb:0 pmb:71 smb:3529 d:- ref:0 ;
in:7 out:8 type:b dur:2 cpbdur:2 q:29.04 aq:15.42 tex:60 mv:692 misc:568 imb:0 pmb:65 smb:3535 d:- ref:0 ;
in:12 out:9 type:P dur:2 cpbdur:2 q:28.63 aq:20.06 tex:35699 mv:5112 misc:1525 imb:41 pmb:803 smb:2756 d:- ref:0 ;
in:10 out:10 type:B dur:2 cpbdur:2 q:28.79 aq:20.69 tex:642 mv:1865 misc:965 imb:2 pmb:161 smb:3437 d:- ref:0 ;
in:9 out:11 type:b dur:2 cpbdur:2 q:28.88 aq:19.70 tex:116 mv:789 misc:687 imb:0 pmb:84 smb:3516 d:- ref:0 ;
in:11 out:12 type:b dur:2 cpbdur:2 q:28.71 aq:24.66 tex:244 mv:876 misc:664 imb:0 pmb:91 smb:3509 d:- ref:0 ;
in:16 out:13 type:P dur:2 cpbdur:2 q:28.30 aq:19.87 tex:41048 mv:5697 misc:1263 imb:49 pmb:898 smb:2653 d:- ref:0 ;
in:14 out:14 type:B dur:2 cpbdur:2 q:28.47 aq:19.10 tex:648 mv:2070 misc:1058 imb:2 pmb:194 smb:3404 d:- ref:0 ;
in:13 out:15 type:b dur:2 cpbdur:2 q:28.55 aq:22.63 tex:115 mv:749 misc:624 imb:0 pmb:78 smb:3522 d:- ref:0 ;
in:15 out:16 type:b dur:2 cpbdur:2 q:28.38 aq:21.36 tex:227 mv:900 misc:729 imb:0 pmb:97 smb:3503 d:- ref:0 ;
in:20 out:17 type:P dur:2 cpbdur:2 q:27.97 aq:18.99 tex:46979 mv:5835 misc:1234 imb:61 pmb:938 smb:2601 d:- ref:0 ;
in:18 out:18 type:B dur:2 cpbdur:2 q:28.14 aq:20.16 tex:890 mv:2113 misc:1069 imb:0 pmb:212 smb:3388 d:- ref:0 ;
in:17 out:19 type:b dur:2 cpbdur:2 q:28.22 aq:18.31 tex:168 mv:1049 misc:791 imb:0 pmb:112 smb:3488 d:- ref:0 ;
in:19 out:20 type:b dur:2 cpbdur:2 q:28.06 aq:23.37 tex:271 mv:1137 misc:800 imb:0 pmb:114 smb:3486 d:- ref:0 ;
in:24 out:21 type:P dur:2 cpbdur:2 q:26.17 aq:17.23 tex:84302 mv:6249 misc:881 imb:48 pmb:1084 smb:2468 d:- ref:0 ;
in:22 out:22 type:B dur:2 cpbdur:2 q:27.07 aq:21.30 tex:1277 mv:2294 misc:1133 imb:2 pmb:234 smb:3364 d:- ref:0 ;
in:21 out:23 type:b dur:2 cpbdur:2 q:27.52 aq:21.61 tex:423 mv:1166 misc:883 imb:0 pmb:132 smb:3468 d:- ref:0 ;
in:23 out:24 type:b dur:2 cpbdur:2 q:26.62 aq:21.66 tex:450 mv:1227 misc:923 imb:1 pmb:145 smb:3454 d:- ref:0 ;
in:28 out:25 type:P dur:2 cpbdur:2 q:21.49 aq:9.65 tex:222910 mv:7120 misc:618 imb:68 pmb:1188 smb:2344 d:- ref:0 ;
in:26 out:26 type:B dur:2 cpbdur:2 q:23.83 aq:18.39 tex:4794 mv:3772 misc:1570 imb:1 pmb:471 smb:3128 d:- ref:0 ;
in:25 out:27 type:b dur:2 cpbdur:2 q:25.00 aq:20.32 tex:1177 mv:1588 misc:1131 imb:1 pmb:196 smb:3403 d:- ref:0 ;
in:27 out:28 type:b dur:2 cpbdur:2 q:22.66 aq:18.68 tex:3501 mv:2429 misc:1478 imb:0 pmb:363 smb:3237 d:- ref:0 ;
in:32 out:29 type:P dur:2 cpbdur:2 q:18.77 aq:8.08 tex:284278 mv:6834 misc:592 imb:55 pmb:1188 smb:2357 d:- ref:0 ;
in:30 out:30 type:B dur:2 cpbdur:2 q:20.13 aq:14.67 tex:16990 mv:6009 misc:1665 imb:4 pmb:739 smb:2857 d:- ref:0 ;
in:29 out:31 type:b dur:2 cpbdur:2 q:20.81 aq:16.25 tex:6466 mv:3324 misc:1522 imb:1 pmb:455 smb:3144 d:- ref:0 ;
in:31 out:32 type:b dur:2 cpbdur:2 q:19.45 aq:15.30 tex:9722 mv:3675 misc:1667 imb:3 pmb:535 smb:3062 d:- ref:0 ;
in:36 out:33 type:P dur:2 cpbdur:2 q:17.20 aq:7.04 tex:317171 mv:6432 misc:605 imb:35 pmb:1183 smb:2382 d:- ref:0 ;
in:34 out:34 type:B dur:2 cpbdur:2 q:17.98 aq:12.32 tex:30762 mv:7174 misc:1352 imb:4 pmb:894 smb:2702 d:- ref:0 ;
in:33 out:35 type:b dur:2 cpbdur:2 q:18.37 aq:14.26 tex:12344 mv:3831 misc:1633 imb:1 pmb:587 smb:3012 d:- ref:0 ;
in:35 out:36 type:b dur:2 cpbdur:2 q:17.59 aq:13.29 tex:14332 mv:4444 misc:1544 imb:1 pmb:654 smb:2945 d:- ref:0 ;
in:40 out:37 type:P dur:2 cpbdur:2 q:16.28 aq:6.31 tex:345613 mv:6551 misc:636 imb:51 pmb:1159 smb:2390 d:- ref:0 ;
in:38 out:38 type:B dur:2 cpbdur:2 q:16.74 aq:11.13 tex:43147 mv:7666 misc:1259 imb:6 pmb:942 smb:2652 d:- ref:0 ;
in:37 out:39 type:b dur:2 cpbdur:2 q:16.97 aq:12.40 tex:18750 mv:4623 misc:1491 imb:4 pmb:651 smb:2945 d:- ref:0 ;
in:39 out:40 type:b dur:2 cpbdur:2 q:16.51 aq:12.49 tex:20138 mv:4748 misc:1522 imb:1 pmb:693 smb:2906 d:- ref:0 ;
in:44 out:41 type:P dur:2 cpbdur:2 q:16.11 aq:5.96 tex:326792 mv:6367 misc:673 imb:49 pmb:1149 smb:2402 d:- ref:0 ;
in:42 out:42 type:B dur:2 cpbdur:2 q:16.20 aq:10.57 tex:46020 mv:7557 misc:1175 imb:4 pmb:978 smb:2618 d:- ref:0 ;
in:41 out:43 type:b dur:2 cpbdur:2 q:16.24 aq:12.75 tex:23064 mv:4635 misc:1509 imb:2 pmb:674 smb:2924 d:- ref:0 ;
in:43 out:44 type:b dur:2 cpbdur:2 q:16.15 aq:12.21 tex:20389 mv:4232 misc:1515 imb:0 pmb:653 smb:2947 d:- ref:0 ;
in:48 out:45 type:P dur:2 cpbdur:2 q:16.76 aq:7.33 tex:289799 mv:6530 misc:671 imb:50 pmb:1137 smb:2413 d:- ref:0 ;
in:46 out:46 type:B dur:2 cpbdur:2 q:16.43 aq:10.37 tex:47130 mv:7417 misc:1189 imb:7 pmb:962 smb:2631 d:- ref:0 ;
in:45 out:47 type:b dur:2 cpbdur:2 q:16.27 aq:11.71 tex:23096 mv:4608 misc:1568 imb:3 pmb:664 smb:2933 d:- ref:0 ;
in:47 out:48 type:b dur:2 cpbdur:2 q:16.60 aq:12.06 tex:19715 mv:4790 misc:1503 imb:4 pmb:696 smb:2900 d:- ref:0 ;
in:52 out:49 type:P dur:2 cpbdur:2 q:17.46 aq:8.18 tex:286852 mv:6625 misc:603 imb:52 pmb:1150 smb:2398 d:- ref:0 ;
in:50 out:50 type:B dur:2 cpbdur:2 q:17.11 aq:11.65 tex:38949 mv:7532 misc:1271 imb:5 pmb:927 smb:2668 d:- ref:0 ;
in:49 out:51 type:b dur:2 cpbdur:2 q:16.93 aq:12.79 tex:20786 mv:4591 misc:1503 imb:1 pmb:674 smb:2925 d:- ref:0 ;
in:51 out:52 type:b dur:2 cpbdur:2 q:17.29 aq:13.06 tex:14579 mv:4335 misc:1598 imb:3 pmb:633 smb:2964 d:- ref:0 ;
in:56 out:53 type:P dur:2 cpbdur:2 q:18.03 aq:8.70 tex:269863 mv:6516 misc:605 imb:70 pmb:1126 smb:2404 d:- ref:0 ;
in:54 out:54 type:B dur:2 cpbdur:2 q:17.75 aq:12.19 tex:30704 mv:7038 misc:1354 imb:3 pmb:894 smb:2703 d:- ref:0 ;
in:53 out:55 type:b dur:2 cpbdur:2 q:17.60 aq:13.37 tex:15483 mv:4192 misc:1525 imb:2 pmb:618 smb:2980 d:- ref:0 ;
in:55 out:56 type:b dur:2 cpbdur:2 q:17.89 aq:14.27 tex:13462 mv:4111 misc:1611 imb:1 pmb:598 smb:3001 d:- ref:0 ;
in:60 out:57 type:P dur:2 cpbdur:2 q:18.50 aq:8.68 tex:276677 mv:6769 misc:570 imb:96 pmb:1103 smb:2401 d:- ref:0 ;
in:58 out:58 type:B dur:2 cpbdur:2 q:18.27 aq:12.64 tex:27360 mv:6940 misc:1476 imb:5 pmb:863 smb:2732 d:- ref:0 ;
in:57 out:59 type:b dur:2 cpbdur:2 q:18.15 aq:15.01 tex:13675 mv:3796 misc:1609 imb:1 pmb:602 smb:2997 d:- ref:0 ;
in:59 out:60 type:b dur:2 cpbdur:2 q:18.38 aq:13.66 tex:11714 mv:3902 misc:1640 imb:1 pmb:612 smb:2987 d:- ref:0 ;
in:64 out:61 type:P dur:2 cpbdur:2 q:18.77 aq:9.44 tex:241931 mv:6336 misc:621 imb:56 pmb:1125 smb:2419 d:- ref:0 ;
in:62 out:62 type:B dur:2 cpbdur:2 q:18.63 aq:13.64 tex:25739 mv:6293 misc:1536 imb:3 pmb:805 smb:2792 d:- ref:0 ;
in:61 out:63 type:b dur:2 cpbdur:2 q:18.57 aq:14.79 tex:10372 mv:3741 misc:1615 imb:2 pmb:539 smb:3059 d:- ref:0 ;
in:63 out:64 type:b dur:2 cpbdur:2 q:18.70 aq:14.96 tex:10564 mv:3562 misc:1586 imb:0 pmb:532 smb:3068 d:- ref:0 ;
in:68 out:65 type:P dur:2 cpbdur:2 q:18.79 aq:8.94 tex:247042 mv:6397 misc:577 imb:63 pmb:1127 smb:2410 d:- ref:0 ;
in:66 out:66 type:B dur:2 cpbdur:2 q:18.78 aq:13.83 tex:26925 mv:6499 misc:1488 imb:0 pmb:861 smb:2739 d:- ref:0 ;
in:65 out:67 type:b dur:2 cpbdur:2 q:18.77 aq:15.22 tex:11161 mv:3471 misc:1512 imb:3 pmb:496 smb:3101 d:- ref:0 ;
in:67 out:68 type:b dur:2 cpbdur:2 q:18.78 aq:15.23 tex:11085 mv:3686 misc:1501 imb:3 pmb:537 smb:3060 d:- ref:0 ;
in:72 out:69 type:P dur:2 cpbdur:2 q:18.81 aq:9.28 tex:250970 mv:6348 misc:586 imb:57 pmb:1133 smb:2410 d:- ref:0 ;
in:70 out:70 type:B dur:2 cpbdur:2 q:18.80 aq:13.61 tex:25559 mv:6560 misc:1417 imb:4 pmb:846 smb:2750 d:- ref:0 ;
in:69 out:71 type:b dur:2 cpbdur:2 q:18.80 aq:15.53 tex:10772 mv:3761 misc:1579 imb:2 pmb:546 smb:3052 d:- ref:0 ;
in:71 out:72 type:b dur:2 cpbdur:2 q:18.81 aq:14.68 tex:12635 mv:3959 misc:1598 imb:2 pmb:600 smb:2998 d:- ref:0 ;
in:76 out:73 type:P dur:2 cpbdur:2 q:18.81 aq:9.65 tex:250577 mv:6408 misc:575 imb:61 pmb:1118 smb:2421 d:- ref:0 ;
in:74 out:74 type:B dur:2 cpbdur:2 q:18.81 aq:13.46 tex:25459 mv:6481 misc:1548 imb:2 pmb:824 smb:2774 d:- ref:0 ;
in:73 out:75 type:b dur:2 cpbdur:2 q:18.81 aq:15.06 tex:13093 mv:4020 misc:1607 imb:2 pmb:558 smb:3040 d:- ref:0 ;
in:75 out:76 type:b dur:2 cpbdur:2 q:18.81 aq:14.71 tex:12544 mv:3506 misc:1558 imb:2 pmb:552 smb:3046 d:- ref:0 ;
in:80 out:77 type:P dur:2 cpbdur:2 q:18.85 aq:9.84 tex:266435 mv:6319 misc:582 imb:65 pmb:1117 smb:2418 d:- ref:0 ;
in:78 out:78 type:B dur:2 cpbdur:2 q:18.83 aq:13.75 tex:26496 mv:6625 misc:1479 imb:2 pmb:848 smb:2750 d:- ref:0 ;
in:77 out:79 type:b dur:2 cpbdur:2 q:18.82 aq:15.16 tex:12203 mv:3650 misc:1587 imb:4 pmb:544 smb:3052 d:- ref:0 ;
in:79 out:80 type:b dur:2 cpbdur:2 q:18.84 aq:15.44 tex:11509 mv:3760 misc:1515 imb:3 pmb:538 smb:3059 d:- ref:0 ;
in:84 out:81 type:P dur:2 cpbdur:2 q:18.85 aq:10.02 tex:254429 mv:6239 misc:580 imb:68 pmb:1116 smb:2416 d:- ref:0 ;
in:82 out:82 type:B dur:2 cpbdur:2 q:18.85 aq:13.42 tex:25856 mv:6399 misc:1529 imb:4 pmb:807 smb:2789 d:- ref:0 ;
in:81 out:83 type:b dur:2 cpbdur:2 q:18.85 aq:15.31 tex:12101 mv:3881 misc:1506 imb:0 pmb:550 smb:3050 d:- ref:0 ;
in:83 out:84 type:b dur:2 cpbdur:2 q:18.85 aq:14.64 tex:12882 mv:3717 misc:1505 imb:3 pmb:557 smb:3040 d:- ref:0 ;
in:88 out:85 type:P dur:2 cpbdur:2 q:18.88 aq:9.76 tex:246135 mv:6168 misc:633 imb:60 pmb:1110 smb:2430 d:- ref:0 ;
in:86 out:86 type:B dur:2 cpbdur:2 q:18.87 aq:13.92 tex:25076 mv:5898 misc:1554 imb:4 pmb:763 smb:2833 d:- ref:0 ;
in:85 out:87 type:b dur:2 cpbdur:2 q:18.86 aq:14.99 tex:10626 mv:3479 misc:1559 imb:3 pmb:515 smb:3082 d:- ref:0 ;
in:87 out:88 type:b dur:2 cpbdur:2 q:18.87 aq:14.79 tex:10964 mv:3788 misc:1624 imb:2 pmb:544 smb:3054 d:- ref:0 ;
in:92 out:89 type:P dur:2 cpbdur:2 q:18.90 aq:8.88 tex:277723 mv:6573 misc:608 imb:85 pmb:1134 smb:2381 d:- ref:0 ;
in:90 out:90 type:B dur:2 cpbdur:2 q:18.89 aq:12.37 tex:45386 mv:6708 misc:1186 imb:4 pmb:939 smb:2657 d:- ref:0 ;
in:89 out:91 type:b dur:2 cpbdur:2 q:18.89 aq:15.27 tex:19261 mv:4508 misc:1567 imb:6 pmb:717 smb:2877 d:- ref:0 ;
in:91 out:92 type:b dur:2 cpbdur:2 q:18.90 aq:15.88 tex:9535 mv:3619 misc:1558 imb:0 pmb:539 smb:3061 d:- ref:0 ;
in:96 out:93 type:P dur:2 cpbdur:2 q:18.96 aq:9.87 tex:227359 mv:6417 misc:624 imb:61 pmb:1114 smb:2425 d:- ref:0 ;
in:94 out:94 type:B dur:2 cpbdur:2 q:18.93 aq:13.66 tex:47457 mv:6917 misc:1066 imb:6 pmb:979 smb:2615 d:- ref:0 ;
in:93 out:95 type:b dur:2 cpbdur:2 q:18.92 aq:15.25 tex:11839 mv:4081 misc:1576 imb:2 pmb:583 smb:3015 d:- ref:0 ;
in:95 out:96 type:b dur:2 cpbdur:2 q:18.95 aq:15.55 tex:12354 mv:3887 misc:1591 imb:1 pmb:572 smb:3027 d:- ref:0 ;
in:100 out:97 type:P dur:2 cpbdur:2 q:19.02 aq:10.00 tex:234926 mv:6450 misc:560 imb:58 pmb:1122 smb:2420 d:- ref:0 ;
in:98 out:98 type:B dur:2 cpbdur:2 q:18.99 aq:13.60 tex:51910 mv:6841 misc:1065 imb:3 pmb:983 smb:2614 d:- ref:0 ;
in:97 out:99 type:b dur:2 cpbdur:2 q:18.97 aq:15.16 tex:12601 mv:3951 misc:1560 imb:0 pmb:582 smb:3018 d:- ref:0 ;
in:99 out:100 type:b dur:2 cpbdur:2 q:19.00 aq:15.08 tex:12650 mv:3814 misc:1568 imb:3 pmb:557 smb:3040 d:- ref:0 ;
in:104 out:101 type:P dur:2 cpbdur:2 q:19.05 aq:9.90 tex:232059 mv:6472 misc:581 imb:67 pmb:1105 smb:2428 d:- ref:0 ;
in:102 out:102 type:B dur:2 cpbdur:2 q:19.03 aq:13.74 tex:52332 mv:6735 misc:997 imb:6 pmb:994 smb:2600 d:- ref:0 ;
in:101 out:103 type:b dur:2 cpbdur:2 q:19.02 aq:15.36 tex:12797 mv:4031 misc:1572 imb:3 pmb:602 smb:2995 d:- ref:0 ;
in:103 out:104 type:b dur:2 cpbdur:2 q:19.04 aq:15.72 tex:13187 mv:3981 misc:1560 imb:4 pmb:588 smb:3008 d:- ref:0 ;
in:108 out:105 type:P dur:2 cpbdur:2 q:19.07 aq:10.21 tex:234637 mv:6558 misc:613 imb:68 pmb:1106 smb:2426 d:- ref:0 ;
in:106 out:106 type:B dur:2 cpbdur:2 q:19.06 aq:13.66 tex:52041 mv:6846 misc:1009 imb:2 pmb:1000 smb:2598 d:- ref:0 ;
in:105 out:107 type:b dur:2 cpbdur:2 q:19.06 aq:15.73 tex:12069 mv:4073 misc:1594 imb:0 pmb:583 smb:3017 d:- ref:0 ;
in:107 out:108 type:b dur:2 cpbdur:2 q:19.06 aq:15.49 tex:13857 mv:3851 misc:1540 imb:2 pmb:586 smb:3012 d:- ref:0 ;
in:112 out:109 type:P dur:2 cpbdur:2 q:19.19 aq:10.20 tex:226296 mv:6534 misc:546 imb:68 pmb:1109 smb:2423 d:- ref:0 ;
in:110 out:110 type:B dur:2 cpbdur:2 q:19.13 aq:13.44 tex:51806 mv:6684 misc:1030 imb:5 pmb:995 smb:2600 d:- ref:0 ;
in:109 out:111 type:b dur:2 cpbdur:2 q:19.10 aq:15.55 tex:11474 mv:3963 misc:1611 imb:4 pmb:562 smb:3034 d:- ref:0 ;
in:111 out:112 type:b dur:2 cpbdur:2 q:19.16 aq:15.35 tex:12820 mv:3882 misc:1522 imb:1 pmb:568 smb:3031 d:- ref:0 ;
in:116 out:113 type:P dur:2 cpbdur:2 q:19.21 aq:10.23 tex:224928 mv:6388 misc:596 imb:52 pmb:1121 smb:2427 d:- ref:0 ;
in:114 out:114 type:B dur:2 cpbdur:2 q:19.20 aq:14.14 tex:52355 mv:7031 misc:1038 imb:6 pmb:983 smb:2611 d:- ref:0 ;
in:113 out:115 type:b dur:2 cpbdur:2 q:19.20 aq:16.01 tex:11482 mv:4045 misc:1593 imb:4 pmb:574 smb:3022 d:- ref:0 ;
in:115 out:116 type:b dur:2 cpbdur:2 q:19.20 aq:15.50 tex:12025 mv:3637 misc:1498 imb:0 pmb:557 smb:3043 d:- ref:0 ;
in:120 out:117 type:P dur:2 cpbdur:2 q:19.24 aq:9.89 tex:247101 mv:6860 misc:583 imb:80 pmb:1106 smb:2414 d:- ref:0 ;
in:118 out:118 type:B dur:2 cpbdur:2 q:19.22 aq:13.72 tex:54153 mv:6378 misc:1093 imb:12 pmb:960 smb:2628 d:- ref:0 ;
in:117 out:119 type:b dur:2 cpbdur:2 q:19.22 aq:15.27 tex:11120 mv:3944 misc:1616 imb:5 pmb:581 smb:3014 d:- ref:0 ;
in:119 out:120 type:b dur:2 cpbdur:2 q:19.23 aq:15.94 tex:11784 mv:4294 misc:1570 imb:5 pmb:597 smb:2998 d:- ref:0 ;
in:124 out:121 type:P dur:2 cpbdur:2 q:19.29 aq:10.39 tex:216473 mv:6197 misc:634 imb:51 pmb:1121 smb:2428 d:- ref:0 ;
in:122 out:122 type:B dur:2 cpbdur:2 q:19.26 aq:14.05 tex:48203 mv:6361 misc:1116 imb:8 pmb:931 smb:2661 d:- ref:0 ;
in:121 out:123 type:b dur:2 cpbdur:2 q:19.25 aq:15.79 tex:10338 mv:3573 misc:1569 imb:0 pmb:516 smb:3084 d:- ref:0 ;
in:123 out:124 type:b dur:2 cpbdur:2 q:19.27 aq:15.78 tex:10936 mv:3617 misc:1551 imb:1 pmb:529 smb:3070 d:- ref:0 ;
in:128 out:125 type:P dur:2 cpbdur:2 q:19.31 aq:9.88 tex:218294 mv:6329 misc:593 imb:58 pmb:1116 smb:2426 d:- ref:0 ;
in:126 out:126 type:B dur:2 cpbdur:2 q:19.30 aq:14.15 tex:49594 mv:7096 misc:1078 imb:7 pmb:956 smb:2637 d:- ref:0 ;
in:125 out:127 type:b dur:2 cpbdur:2 q:19.29 aq:15.67 tex:10992 mv:3672 misc:1424 imb:0 pmb:551 smb:3049 d:- ref:0 ;
in:127 out:128 type:b dur:2 cpbdur:2 q:19.31 aq:15.79 tex:12802 mv:3606 misc:1456 imb:1 pmb:563 smb:3036 d:- ref:0 ;
in:132 out:129 type:P dur:2 cpbdur:2 q:19.33 aq:10.04 tex:220876 mv:6484 misc:616 imb:62 pmb:1109 smb:2429 d:- ref:0 ;
in:130 out:130 type:B dur:2 cpbdur:2 q:19.32 aq:14.28 tex:48326 mv:6979 misc:1079 imb:6 pmb:945 smb:2649 d:- ref:0 ;
in:129 out:131 type:b dur:2 cpbdur:2 q:19.32 aq:15.40 tex:11116 mv:3966 misc:1534 imb:1 pmb:575 smb:3024 d:- ref:0 ;
in:131 out:132 type:b dur:2 cpbdur:2 q:19.32 aq:15.77 tex:11305 mv:3719 misc:1504 imb:3 pmb:531 smb:3066 d:- ref:0 ;
in:136 out:133 type:P dur:2 cpbdur:2 q:19.35 aq:10.14 tex:213656 mv:6388 misc:676 imb:45 pmb:1120 smb:2435 d:- ref:0 ;
in:134 out:134 type:B dur:2 cpbdur:2 q:19.34 aq:13.77 tex:48472 mv:6752 misc:1104 imb:6 pmb:937 smb:2657 d:- ref:0 ;
in:133 out:135 type:b dur:2 cpbdur:2 q:19.33 aq:15.60 tex:11724 mv:3897 misc:1563 imb:3 pmb:563 smb:3034 d:- ref:0 ;
in:135 out:136 type:b dur:2 cpbdur:2 q:19.34 aq:15.37 tex:11652 mv:3812 misc:1504 imb:5 pmb:548 smb:3047 d:- ref:0 ;
in:140 out:137 type:P dur:2 cpbdur:2 q:19.40 aq:10.25 tex:219094 mv:6362 misc:664 imb:52 pmb:1115 smb:2433 d:- ref:0 ;
in:138 out:138 type:B dur:2 cpbdur:2 q:19.37 aq:13.76 tex:47730 mv:6780 misc:1090 imb:5 pmb:964 smb:2631 d:- ref:0 ;
in:137 out:139 type:b dur:2 cpbdur:2 q:19.36 aq:15.95 tex:10307 mv:3720 misc:1645 imb:3 pmb:546 smb:3051 d:- ref:0 ;
in:139 out:140 type:b dur:2 cpbdur:2 q:19.39 aq:15.85 tex:10884 mv:3625 misc:1555 imb:6 pmb:512 smb:3082 d:- ref:0 ;
in:144 out:141 type:P dur:2 cpbdur:2 q:19.40 aq:10.43 tex:213061 mv:6359 misc:564 imb:62 pmb:1115 smb:2423 d:- ref:0 ;
in:142 out:142 type:B dur:2 cpbdur:2 q:19.40 aq:14.25 tex:45879 mv:6588 misc:1117 imb:4 pmb:942 smb:2654 d:- ref:0 ;
in:141 out:143 type:b dur:2 cpbdur:2 q:19.40 aq:16.34 tex:9687 mv:3640 misc:1513 imb:0 pmb:510 smb:3090 d:- ref:0 ;
in:143 out:144 type:b dur:2 cpbdur:2 q:19.40 aq:15.82 tex:11393 mv:3852 misc:1451 imb:3 pmb:540 smb:3057 d:- ref:0 ;
in:148 out:145 type:P dur:2 cpbdur:2 q:19.41 aq:10.85 tex:209383 mv:6295 misc:642 imb:54 pmb:1103 smb:2443 d:- ref:0 ;
in:146 out:146 type:B dur:2 cpbdur:2 q:19.40 aq:14.27 tex:44660 mv:6413 misc:1079 imb:4 pmb:933 smb:2663 d:- ref:0 ;
in:145 out:147 type:b dur:2 cpbdur:2 q:19.40 aq:15.57 tex:9865 mv:3742 misc:1553 imb:2 pmb:532 smb:3066 d:- ref:0 ;
in:147 out:148 type:b dur:2 cpbdur:2 q:19.40 aq:15.82 tex:10860 mv:3427 misc:1545 imb:0 pmb:521 smb:3079 d:- ref:0 ;
in:152 out:149 type:P dur:2 cpbdur:2 q:19.42 aq:10.41 tex:209881 mv:6396 misc:619 imb:53 pmb:1113 smb:2434 d:- ref:0 ;
in:150 out:150 type:B dur:2 cpbdur:2 q:19.41 aq:13.87 tex:46285 mv:6778 misc:1153 imb:7 pmb:941 smb:2652 d:- ref:0 ;
in:149 out:151 type:b dur:2 cpbdur:2 q:19.41 aq:16.28 tex:9390 mv:3551 misc:1523 imb:4 pmb:520 smb:3076 d:- ref:0 ;
in:151 out:152 type:b dur:2 cpbdur:2 q:19.41 aq:16.13 tex:10654 mv:3208 misc:1514 imb:1 pmb:514 smb:3085 d:- ref:0 ;
in:156 out:153 type:P dur:2 cpbdur:2 q:19.41 aq:9.99 tex:211598 mv:6459 misc:623 imb:61 pmb:1109 smb:2430 d:- ref:0 ;
in:154 out:154 type:B dur:2 cpbdur:2 q:19.42 aq:13.73 tex:45113 mv:6467 misc:1076 imb:4 pmb:948 smb:2648 d:- ref:0 ;
in:153 out:155 type:b dur:2 cpbdur:2 q:19.42 aq:16.14 tex:9145 mv:3523 misc:1604 imb:4 pmb:501 smb:3095 d:- ref:0 ;
in:155 out:156 type:b dur:2 cpbdur:2 q:19.41 aq:15.95 tex:11049 mv:3667 misc:1508 imb:2 pmb:538 smb:3060 d:- ref:0 ;
in:160 out:157 type:P dur:2 cpbdur:2 q:19.42 aq:10.49 tex:210564 mv:6381 misc:607 imb:55 pmb:1118 smb:2427 d:- ref:0 ;
in:158 out:158 type:B dur:2 cpbdur:2 q:19.41 aq:14.13 tex:44776 mv:6664 misc:1064 imb:10 pmb:956 smb:2634 d:- ref:0 ;
in:157 out:159 type:b dur:2 cpbdur:2 q:19.41 aq:15.91 tex:9607 mv:3616 misc:1521 imb:3 pmb:534 smb:3063 d:- ref:0 ;
in:159 out:160 type:b dur:2 cpbdur:2 q:19.42 aq:15.84 tex:10488 mv:3572 misc:1508 imb:1 pmb:533 smb:3066 d:- ref:0 ;
in:164 out:161 type:P dur:2 cpbdur:2 q:19.40 aq:10.13 tex:207232 mv:6292 misc:636 imb:53 pmb:1119 smb:2428 d:- ref:0 ;
in:162 out:162 type:B dur:2 cpbdur:2 q:19.41 aq:13.98 tex:44361 mv:6620 misc:1123 imb:6 pmb:946 smb:2648 d:- ref:0 ;
in:161 out:163 type:b dur:2 cpbdur:2 q:19.41 aq:15.62 tex:9230 mv:3593 misc:1505 imb:3 pmb:519 smb:3078 d:- ref:0 ;
in:163 out:164 type:b dur:2 cpbdur:2 q:19.41 aq:15.65 tex:10020 mv:3429 misc:1471 imb:2 pmb:498 smb:3100 d:- ref:0 ;
in:168 out:165 type:P dur:2 cpbdur:2 q:19.39 aq:10.34 tex:208885 mv:6350 misc:645 imb:52 pmb:1116 smb:2432 d:- ref:0 ;
in:166 out:166 type:B dur:2 cpbdur:2 q:19.40 aq:14.43 tex:45565 mv:6675 misc:1096 imb:7 pmb:952 smb:2641 d:- ref:0 ;
in:165 out:167 type:b dur:2 cpbdur:2 q:19.40 aq:15.68 tex:9140 mv:3613 misc:1543 imb:1 pmb:525 smb:3074 d:- ref:0 ;
in:167 out:168 type:b dur:2 cpbdur:2 q:19.39 aq:15.44 tex:9763 mv:3323 misc:1506 imb:2 pmb:495 smb:3103 d:- ref:0 ;
in:172 out:169 type:P dur:2 cpbdur:2 q:19.38 aq:10.58 tex:208167 mv:6385 misc:648 imb:57 pmb:1102 smb:2441 d:- ref:0 ;
in:170 out:170 type:B dur:2 cpbdur:2 q:19.38 aq:14.24 tex:44087 mv:7054 misc:1115 imb:11 pmb:934 smb:2655 d:- ref:0 ;
in:169 out:171 type:b dur:2 cpbdur:2 q:19.39 aq:15.82 tex:9916 mv:3908 misc:1448 imb:3 pmb:550 smb:3047 d:- ref:0 ;
in:171 out:172 type:b dur:2 cpbdur:2 q:19.38 aq:15.44 tex:9740 mv:3673 misc:1531 imb:3 pmb:503 smb:3094 d:- ref:0 ;
in:176 out:173 type:P dur:2 cpbdur:2 q:19.36 aq:10.55 tex:197332 mv:6416 misc:700 imb:66 pmb:1093 smb:2441 d:- ref:0 ;
in:174 out:174 type:B dur:2 cpbdur:2 q:19.37 aq:13.55 tex:43890 mv:6783 misc:1143 imb:9 pmb:932 smb:2659 d:- ref:0 ;
in:173 out:175 type:b dur:2 cpbdur:2 q:19.37 aq:15.96 tex:9639 mv:3647 misc:1546 imb:3 pmb:523 smb:3074 d:- ref:0 ;
in:175 out:176 type:b dur:2 cpbdur:2 q:19.37 aq:15.39 tex:9692 mv:3714 misc:1570 imb:4 pmb:517 smb:3079 d:- ref:0 ;
in:180 out:177 type:P dur:2 cpbdur:2 q:19.35 aq:8.70 tex:302742 mv:6956 misc:646 imb:136 pmb:1083 smb:2381 d:- ref:0 ;
in:178 out:178 type:B dur:2 cpbdur:2 q:19.35 aq:13.87 tex:40539 mv:6305 misc:1244 imb:4 pmb:913 smb:2683 d:- ref:0 ;
in:177 out:179 type:b dur:2 cpbdur:2 q:19.36 aq:15.45 tex:8946 mv:3523 misc:1547 imb:3 pmb:494 smb:3103 d:- ref:0 ;
in:179 out:180 type:b dur:2 cpbdur:2 q:19.35 aq:15.60 tex:13338 mv:3776 misc:1550 imb:4 pmb:612 smb:2984 d:- ref:0 ;
in:184 out:181 type:P dur:2 cpbdur:2 q:19.36 aq:10.18 tex:178748 mv:5728 misc:764 imb:37 pmb:1092 smb:2471 d:- ref:0 ;
in:182 out:182 type:B dur:2 cpbdur:2 q:19.36 aq:14.10 tex:16195 mv:5578 misc:1491 imb:3 pmb:706 smb:2891 d:- ref:0 ;
in:181 out:183 type:b dur:2 cpbdur:2 q:19.35 aq:16.11 tex:5898 mv:2851 misc:1523 imb:0 pmb:434 smb:3166 d:- ref:0 ;
in:183 out:184 type:b dur:2 cpbdur:2 q:19.36 aq:15.19 tex:8907 mv:3548 misc:1537 imb:3 pmb:501 smb:3096 d:- ref:0 ;
in:188 out:185 type:P dur:2 cpbdur:2 q:19.34 aq:10.37 tex:208465 mv:6283 misc:612 imb:47 pmb:1121 smb:2432 d:- ref:0 ;
in:186 out:186 type:B dur:2 cpbdur:2 q:19.35 aq:14.13 tex:20937 mv:5986 misc:1525 imb:5 pmb:723 smb:2872 d:- ref:0 ;
in:185 out:187 type:b dur:2 cpbdur:2 q:19.36 aq:15.53 tex:8410 mv:3408 misc:1510 imb:4 pmb:471 smb:3125 d:- ref:0 ;
in:187 out:188 type:b dur:2 cpbdur:2 q:19.34 aq:15.87 tex:6657 mv:3263 misc:1520 imb:1 pmb:469 smb:3130 d:- ref:0 ;
in:192 out:189 type:P dur:2 cpbdur:2 q:19.32 aq:9.86 tex:212643 mv:6248 misc:677 imb:55 pmb:1108 smb:2437 d:- ref:0 ;
in:190 out:190 type:B dur:2 cpbdur:2 q:19.33 aq:14.13 tex:19862 mv:6049 misc:1481 imb:7 pmb:753 smb:2840 d:- ref:0 ;
in:189 out:191 type:b dur:2 cpbdur:2 q:19.33 aq:15.63 tex:8358 mv:3293 misc:1485 imb:0 pmb:480 smb:3120 d:- ref:0 ;
in:191 out:192 type:b dur:2 cpbdur:2 q:19.32 aq:16.06 tex:7996 mv:3426 misc:1490 imb:2 pmb:481 smb:3117 d:- ref:0 ;
in:196 out:193 type:P dur:2 cpbdur:2 q:19.29 aq:10.65 tex:217256 mv:6236 misc:708 imb:57 pmb:1111 smb:2432 d:- ref:0 ;
in:194 out:194 type:B dur:2 cpbdur:2 q:19.31 aq:14.03 tex:20557 mv:6060 misc:1471 imb:8 pmb:742 smb:2850 d:- ref:0 ;
in:193 out:195 type:b dur:2 cpbdur:2 q:19.31 aq:15.32 tex:8572 mv:3322 misc:1442 imb:4 pmb:453 smb:3143 d:- ref:0 ;
in:195 out:196 type:b dur:2 cpbdur:2 q:19.30 aq:15.35 tex:8173 mv:3682 misc:1569 imb:4 pmb:517 smb:3079 d:- ref:0 ;
in:200 out:197 type:P dur:2 cpbdur:2 q:19.37 aq:10.61 tex:208346 mv:6136 misc:630 imb:60 pmb:1107 smb:2433 d:- ref:0 ;
in:198 out:198 type:B dur:2 cpbdur:2 q:19.33 aq:14.13 tex:19550 mv:5613 misc:1485 imb:4 pmb:719 smb:2877 d:- ref:0 ;
in:197 out:199 type:b dur:2 cpbdur:2 q:19.31 aq:15.81 tex:9012 mv:3438 misc:1502 imb:3 pmb:497 smb:3100 d:- ref:0 ;
in:199 out:200 type:b dur:2 cpbdur:2 q:19.35 aq:16.19 tex:7478 mv:3560 misc:1578 imb:4 pmb:497 smb:3099 d:- ref:0 ;
in:204 out:201 type:P dur:2 cpbdur:2 q:19.31 aq:10.55 tex:215439 mv:6288 misc:625 imb:53 pmb:1121 smb:2426 d:- ref:0 ;
in:202 out:202 type:B dur:2 cpbdur:2 q:19.34 aq:13.96 tex:18935 mv:5997 misc:1556 imb:10 pmb:744 smb:2846 d:- ref:0 ;
in:201 out:203 type:b dur:2 cpbdur:2 q:19.36 aq:15.50 tex:8203 mv:3439 misc:1510 imb:3 pmb:475 smb:3122 d:- ref:0 ;
in:203 out:204 type:b dur:2 cpbdur:2 q:19.32 aq:15.53 tex:7531 mv:3153 misc:1420 imb:4 pmb:444 smb:3152 d:- ref:0 ;
in:208 out:205 type:P dur:2 cpbdur:2 q:19.27 aq:10.25 tex:217745 mv:6504 misc:615 imb:72 pmb:1114 smb:2414 d:- ref:0 ;
in:206 out:206 type:B dur:2 cpbdur:2 q:19.29 aq:14.63 tex:19711 mv:5967 misc:1554 imb:7 pmb:737 smb:2856 d:- ref:0 ;
in:205 out:207 type:b dur:2 cpbdur:2 q:19.30 aq:16.40 tex:8348 mv:3250 misc:1506 imb:2 pmb:460 smb:3138 d:- ref:0 ;
in:207 out:208 type:b dur:2 cpbdur:2 q:19.28 aq:16.16 tex:8048 mv:3426 misc:1470 imb:3 pmb:510 smb:3087 d:- ref:0 ;
in:212 out:209 type:P dur:2 cpbdur:2 q:19.22 aq:10.06 tex:217717 mv:6542 misc:645 imb:54 pmb:1131 smb:2415 d:- ref:0 ;
in:210 out:210 type:B dur:2 cpbdur:2 q:19.24 aq:14.35 tex:18954 mv:5880 misc:1566 imb:5 pmb:739 smb:2856 d:- ref:0 ;
in:209 out:211 type:b dur:2 cpbdur:2 q:19.26 aq:15.21 tex:8931 mv:3568 misc:1573 imb:4 pmb:507 smb:3089 d:- ref:0 ;
in:211 out:212 type:b dur:2 cpbdur:2 q:19.23 aq:15.37 tex:7785 mv:3207 misc:1496 imb:4 pmb:472 smb:3124 d:- ref:0 ;
in:216 out:213 type:P dur:2 cpbdur:2 q:19.20 aq:10.15 tex:220848 mv:6502 misc:642 imb:67 pmb:1113 smb:2420 d:- ref:0 ;
in:214 out:214 type:B dur:2 cpbdur:2 q:19.21 aq:14.34 tex:21029 mv:6276 misc:1519 imb:6 pmb:762 smb:2832 d:- ref:0 ;
in:213 out:215 type:b dur:2 cpbdur:2 q:19.22 aq:15.16 tex:9425 mv:3863 misc:1520 imb:2 pmb:504 smb:3094 d:- ref:0 ;
in:215 out:216 type:b dur:2 cpbdur:2 q:19.20 aq:15.56 tex:8076 mv:3577 misc:1475 imb:7 pmb:478 smb:3115 d:- ref:0 ;
in:220 out:217 type:P dur:2 cpbdur:2 q:19.14 aq:9.90 tex:224233 mv:6734 misc:609 imb:65 pmb:1121 smb:2414 d:- ref:0 ;
in:218 out:218 type:B dur:2 cpbdur:2 q:19.17 aq:14.14 tex:22195 mv:6323 misc:1450 imb:7 pmb:779 smb:2814 d:- ref:0 ;
in:217 out:219 type:b dur:2 cpbdur:2 q:19.18 aq:15.19 tex:7929 mv:3608 misc:1463 imb:5 pmb:473 smb:3122 d:- ref:0 ;
in:219 out:220 type:b dur:2 cpbdur:2 q:19.15 aq:14.85 tex:6698 mv:3297 misc:1501 imb:2 pmb:459 smb:3139 d:- ref:0 ;
in:224 out:221 type:P dur:2 cpbdur:2 q:19.10 aq:8.85 tex:219198 mv:6931 misc:631 imb:77 pmb:1110 smb:2413 d:- ref:0 ;
in:222 out:222 type:B dur:2 cpbdur:2 q:19.12 aq:14.23 tex:22615 mv:6260 misc:1525 imb:7 pmb:774 smb:2819 d:- ref:0 ;
in:221 out:223 type:b dur:2 cpbdur:2 q:19.13 aq:15.02 tex:8456 mv:3531 misc:1517 imb:1 pmb:474 smb:3125 d:- ref:0 ;
in:223 out:224 type:b dur:2 cpbdur:2 q:19.11 aq:15.06 tex:9002 mv:3595 misc:1499 imb:4 pmb:505 smb:3091 d:- ref:0 ;
in:228 out:225 type:P dur:2 cpbdur:2 q:19.07 aq:10.06 tex:221462 mv:6597 misc:645 imb:64 pmb:1115 smb:2421 d:- ref:0 ;
in:226 out:226 type:B dur:2 cpbdur:2 q:19.09 aq:14.03 tex:22657 mv:6734 misc:1465 imb:8 pmb:798 smb:2794 d:- ref:0 ;
in:225 out:227 type:b dur:2 cpbdur:2 q:19.10 aq:14.85 tex:8702 mv:3761 misc:1497 imb:4 pmb:524 smb:3072 d:- ref:0 ;
in:227 out:228 type:b dur:2 cpbdur:2 q:19.08 aq:15.26 tex:7943 mv:3758 misc:1531 imb:3 pmb:508 smb:3089 d:- ref:0 ;
in:232 out:229 type:P dur:2 cpbdur:2 q:19.05 aq:10.31 tex:223332 mv:6515 misc:609 imb:68 pmb:1114 smb:2418 d:- ref:0 ;
in:230 out:230 type:B dur:2 cpbdur:2 q:19.06 aq:14.18 tex:22350 mv:6379 misc:1527 imb:3 pmb:804 smb:2793 d:- ref:0 ;
in:229 out:231 type:b dur:2 cpbdur:2 q:19.07 aq:14.93 tex:9004 mv:3561 misc:1523 imb:2 pmb:496 smb:3102 d:- ref:0 ;
in:231 out:232 type:b dur:2 cpbdur:2 q:19.05 aq:15.34 tex:7962 mv:3575 misc:1519 imb:1 pmb:522 smb:3077 d:- ref:0 ;
in:236 out:233 type:P dur:2 cpbdur:2 q:19.03 aq:9.23 tex:215629 mv:6687 misc:660 imb:69 pmb:1112 smb:2419 d:- ref:0 ;
in:234 out:234 type:B dur:2 cpbdur:2 q:19.04 aq:13.76 tex:22774 mv:6240 misc:1530 imb:8 pmb:787 smb:2805 d:- ref:0 ;
in:233 out:235 type:b dur:2 cpbdur:2 q:19.04 aq:14.65 tex:8871 mv:3643 misc:1574 imb:8 pmb:489 smb:3103 d:- ref:0 ;
in:235 out:236 type:b dur:2 cpbdur:2 q:19.03 aq:15.24 tex:8448 mv:3657 misc:1567 imb:5 pmb:503 smb:3092 d:- ref:0 ;
in:240 out:237 type:P dur:2 cpbdur:2 q:19.01 aq:9.43 tex:237105 mv:7076 misc:595 imb:109 pmb:1093 smb:2398 d:- ref:0 ;
in:238 out:238 type:B dur:2 cpbdur:2 q:19.02 aq:13.95 tex:24550 mv:6712 misc:1522 imb:6 pmb:814 smb:2780 d:- ref:0 ;
in:237 out:239 type:b dur:2 cpbdur:2 q:19.02 aq:15.22 tex:8562 mv:3507 misc:1579 imb:3 pmb:475 smb:3122 d:- ref:0 ;
in:239 out:240 type:b dur:2 cpbdur:2 q:19.01 aq:15.61 tex:9221 mv:4017 misc:1570 imb:0 pmb:550 smb:3050 d:- ref:0 ;
in:244 out:241 type:P dur:2 cpbdur:2 q:18.99 aq:8.98 tex:215205 mv:6881 misc:618 imb:88 pmb:1112 smb:2400 d:- ref:0 ;
in:242 out:242 type:B dur:2 cpbdur:2 q:19.00 aq:13.55 tex:41821 mv:7168 misc:1219 imb:12 pmb:952 smb:2636 d:- ref:0 ;
in:241 out:243 type:b dur:2 cpbdur:2 q:19.00 aq:15.31 tex:8784 mv:3811 misc:1637 imb:6 pmb:532 smb:3062 d:- ref:0 ;
in:243 out:244 type:b dur:2 cpbdur:2 q:19.00 aq:15.69 tex:10323 mv:3836 misc:1553 imb:1 pmb:522 smb:3077 d:- ref:0 ;
in:248 out:245 type:P dur:2 cpbdur:2 q:18.98 aq:9.99 tex:198192 mv:6772 misc:644 imb:62 pmb:1124 smb:2414 d:- ref:0 ;
in:246 out:246 type:B dur:2 cpbdur:2 q:18.99 aq:13.77 tex:47285 mv:7214 misc:1109 imb:10 pmb:981 smb:2609 d:- ref:0 ;
in:245 out:247 type:b dur:2 cpbdur:2 q:18.99 aq:15.26 tex:8837 mv:3675 misc:1496 imb:1 pmb:515 smb:3084 d:- ref:0 ;
in:247 out:248 type:b dur:2 cpbdur:2 q:18.98 aq:15.60 tex:10645 mv:4060 misc:1503 imb:5 pmb:546 smb:3049 d:- ref:0 ;
in:249 out:249 type:P dur:2 cpbdur:2 q:18.95 aq:13.63 tex:21072 mv:3241 misc:1551 imb:16 pmb:699 smb:2885 d:- ref:0 ;
in:250 out:250 type:I dur:2 cpbdur:2 q:16.16 aq:2.95 tex:659919 mv:55252 misc:197 imb:3600 pmb:0 smb:0 d:- ref:;
in:254 out:251 type:P dur:2 cpbdur:2 q:19.66 aq:10.20 tex:158662 mv:6238 misc:668 imb:52 pmb:1113 smb:2435 d:- ref:0 ;
in:252 out:252 type:B dur:2 cpbdur:2 q:19.66 aq:14.02 tex:13989 mv:5430 misc:1645 imb:2 pmb:622 smb:2976 d:- ref:0 ;
in:251 out:253 type:b dur:2 cpbdur:2 q:19.66 aq:15.84 tex:5611 mv:2618 misc:1411 imb:2 pmb:350 smb:3248 d:- ref:0 ;
in:253 out:254 type:b dur:2 cpbdur:2 q:19.66 aq:16.01 tex:6510 mv:3160 misc:1482 imb:1 pmb:407 smb:3192 d:- ref:0 ;
in:258 out:255 type:P dur:2 cpbdur:2 q:19.63 aq:10.67 tex:186437 mv:6539 misc:648 imb:74 pmb:1095 smb:2431 d:- ref:0 ;
in:256 out:256 type:B dur:2 cpbdur:2 q:19.65 aq:14.10 tex:18429 mv:5871 misc:1596 imb:5 pmb:703 smb:2892 d:- ref:0 ;
in:255 out:257 type:b dur:2 cpbdur:2 q:19.65 aq:15.92 tex:6946 mv:3324 misc:1482 imb:1 pmb:438 smb:3161 d:- ref:0 ;
in:257 out:258 type:b dur:2 cpbdur:2 q:19.64 aq:16.33 tex:6737 mv:3513 misc:1526 imb:1 pmb:459 smb:3140 d:- ref:0 ;
in:262 out:259 type:P dur:2 cpbdur:2 q:19.58 aq:11.04 tex:194378 mv:6860 misc:626 imb:59 pmb:1113 smb:2428 d:- ref:0 ;
in:260 out:260 type:B dur:2 cpbdur:2 q:19.60 aq:14.42 tex:19965 mv:6267 misc:1584 imb:9 pmb:753 smb:2838 d:- ref:0 ;
in:259 out:261 type:b dur:2 cpbdur:2 q:19.61 aq:15.79 tex:7266 mv:3665 misc:1565 imb:2 pmb:473 smb:3125 d:- ref:0 ;
in:261 out:262 type:b dur:2 cpbdur:2 q:19.59 aq:15.81 tex:6897 mv:3595 misc:1580 imb:4 pmb:472 smb:3124 d:- ref:0 ;
in:266 out:263 type:P dur:2 cpbdur:2 q:19.53 aq:10.48 tex:200004 mv:6828 misc:672 imb:72 pmb:1090 smb:2438 d:- ref:0 ;
in:264 out:264 type:B dur:2 cpbdur:2 q:19.56 aq:14.30 tex:20240 mv:6233 misc:1567 imb:8 pmb:733 smb:2859 d:- ref:0 ;
in:263 out:265 type:b dur:2 cpbdur:2 q:19.57 aq:15.99 tex:7178 mv:3424 misc:1510 imb:5 pmb:438 smb:3157 d:- ref:0 ;
in:265 out:266 type:b dur:2 cpbdur:2 q:19.54 aq:16.01 tex:7434 mv:3462 misc:1560 imb:1 pmb:481 smb:3118 d:- ref:0 ;
in:270 out:267 type:P dur:2 cpbdur:2 q:19.38 aq:8.52 tex:266524 mv:7513 misc:619 imb:154 pmb:1080 smb:2366 d:- ref:0 ;
in:268 out:268 type:B dur:2 cpbdur:2 q:19.46 aq:13.78 tex:25275 mv:6450 misc:1523 imb:11 pmb:811 smb:2778 d:- ref:0 ;
in:267 out:269 type:b dur:2 cpbdur:2 q:19.50 aq:15.65 tex:7255 mv:3605 misc:1612 imb:5 pmb:495 smb:3100 d:- ref:0 ;
in:269 out:270 type:b dur:2 cpbdur:2 q:19.42 aq:15.91 tex:13452 mv:4261 misc:1591 imb:13 pmb:634 smb:2953 d:- ref:0 ;
in:274 out:271 type:P dur:2 cpbdur:2 q:19.25 aq:9.81 tex:196640 mv:6864 misc:704 imb:78 pmb:1099 smb:2423 d:- ref:0 ;
in:272 out:272 type:B dur:2 cpbdur:2 q:19.32 aq:14.18 tex:20778 mv:5683 misc:1603 imb:7 pmb:696 smb:2897 d:- ref:0 ;
in:271 out:273 type:b dur:2 cpbdur:2 q:19.35 aq:15.47 tex:6469 mv:3214 misc:1509 imb:1 pmb:446 smb:3153 d:- ref:0 ;
in:273 out:274 type:b dur:2 cpbdur:2 q:19.29 aq:15.85 tex:8984 mv:3614 misc:1538 imb:6 pmb:481 smb:3113 d:- ref:0 ;
in:278 out:275 type:P dur:2 cpbdur:2 q:19.16 aq:8.96 tex:216620 mv:7124 misc:632 imb:89 pmb:1089 smb:2422 d:- ref:0 ;
in:276 out:276 type:B dur:2 cpbdur:2 q:19.21 aq:14.29 tex:21876 mv:6185 misc:1579 imb:8 pmb:779 smb:2813 d:- ref:0 ;
in:275 out:277 type:b dur:2 cpbdur:2 q:19.23 aq:15.73 tex:8191 mv:3522 misc:1599 imb:4 pmb:488 smb:3108 d:- ref:0 ;
in:277 out:278 type:b dur:2 cpbdur:2 q:19.18 aq:15.06 tex:8606 mv:3647 misc:1531 imb:4 pmb:498 smb:3098 d:- ref:0 ;
in:282 out:279 type:P dur:2 cpbdur:2 q:19.10 aq:10.28 tex:222722 mv:6899 misc:619 imb:81 pmb:1105 smb:2414 d:- ref:0 ;
in:280 out:280 type:B dur:2 cpbdur:2 q:19.13 aq:13.87 tex:21995 mv:6063 misc:1590 imb:6 pmb:779 smb:2815 d:- ref:0 ;
in:279 out:281 type:b dur:2 cpbdur:2 q:19.14 aq:15.49 tex:9760 mv:4005 misc:1571 imb:3 pmb:549 smb:3048 d:- ref:0 ;
in:281 out:282 type:b dur:2 cpbdur:2 q:19.11 aq:15.61 tex:8577 mv:3879 misc:1624 imb:3 pmb:541 smb:3056 d:- ref:0 ;
in:286 out:283 type:P dur:2 cpbdur:2 q:19.06 aq:10.19 tex:230142 mv:6916 misc:662 imb:96 pmb:1086 smb:2418 d:- ref:0 ;
in:284 out:284 type:B dur:2 cpbdur:2 q:19.08 aq:13.86 tex:22497 mv:6133 misc:1586 imb:8 pmb:773 smb:2819 d:- ref:0 ;
in:283 out:285 type:b dur:2 cpbdur:2 q:19.09 aq:15.58 tex:9699 mv:4035 misc:1626 imb:3 pmb:554 smb:3043 d:- ref:0 ;
in:285 out:286 type:b dur:2 cpbdur:2 q:19.07 aq:15.54 tex:9002 mv:3702 misc:1552 imb:1 pmb:509 smb:3090 d:- ref:0 ;
in:290 out:287 type:P dur:2 cpbdur:2 q:19.12 aq:10.30 tex:231362 mv:7114 misc:604 imb:92 pmb:1099 smb:2409 d:- ref:0 ;
in:288 out:288 type:B dur:2 cpbdur:2 q:19.09 aq:13.62 tex:22794 mv:6648 misc:1502 imb:9 pmb:818 smb:2773 d:- ref:0 ;
in:287 out:289 type:b dur:2 cpbdur:2 q:19.07 aq:14.86 tex:9664 mv:3747 misc:1573 imb:2 pmb:522 smb:3076 d:- ref:0 ;
in:289 out:290 type:b dur:2 cpbdur:2 q:19.10 aq:15.13 tex:9205 mv:3824 misc:1547 imb:3 pmb:527 smb:3070 d:- ref:0 ;
in:294 out:291 type:P dur:2 cpbdur:2 q:19.15 aq:9.72 tex:225613 mv:6869 misc:670 imb:84 pmb:1101 smb:2415 d:- ref:0 ;
in:292 out:292 type:B dur:2 cpbdur:2 q:19.13 aq:14.02 tex:21975 mv:6397 misc:1556 imb:8 pmb:792 smb:2800 d:- ref:0 ;
in:291 out:293 type:b dur:2 cpbdur:2 q:19.13 aq:15.07 tex:10619 mv:3896 misc:1541 imb:6 pmb:534 smb:3060 d:- ref:0 ;
in:293 out:294 type:b dur:2 cpbdur:2 q:19.14 aq:15.23 tex:8485 mv:3501 misc:1534 imb:4 pmb:486 smb:3110 d:- ref:0 ;
in:298 out:295 type:P dur:2 cpbdur:2 q:19.15 aq:10.22 tex:221946 mv:6890 misc:668 imb:87 pmb:1086 smb:2427 d:- ref:0 ;
in:296 out:296 type:B dur:2 cpbdur:2 q:19.15 aq:14.33 tex:20530 mv:6290 misc:1588 imb:2 pmb:764 smb:2834 d:- ref:0 ;
in:295 out:297 type:b dur:2 cpbdur:2 q:19.15 aq:14.91 tex:9706 mv:3907 misc:1587 imb:4 pmb:523 smb:3073 d:- ref:0 ;
in:297 out:298 type:b dur:2 cpbdur:2 q:19.15 aq:15.83 tex:9116 mv:3798 misc:1582 imb:4 pmb:517 smb:3079 d:- ref:0 ;
in:302 out:299 type:P dur:2 cpbdur:2 q:19.14 aq:9.66 tex:242782 mv:7346 misc:576 imb:138 pmb:1059 smb:2403 d:- ref:0 ;
in:300 out:300 type:B dur:2 cpbdur:2 q:19.15 aq:14.20 tex:24843 mv:6704 misc:1485 imb:10 pmb:810 smb:2780 d:- ref:0 ;
in:299 out:301 type:b dur:2 cpbdur:2 q:19.15 aq:15.82 tex:9957 mv:3845 misc:1622 imb:8 pmb:542 smb:3050 d:- ref:0 ;
in:301 out:302 type:b dur:2 cpbdur:2 q:19.15 aq:14.92 tex:8880 mv:3575 misc:1601 imb:6 pmb:480 smb:3114 d:- ref:0 ;
in:306 out:303 type:P dur:2 cpbdur:2 q:19.15 aq:9.60 tex:223526 mv:6854 misc:668 imb:91 pmb:1091 smb:2418 d:- ref:0 ;
in:304 out:304 type:B dur:2 cpbdur:2 q:19.15 aq:14.24 tex:20397 mv:6076 misc:1527 imb:4 pmb:760 smb:2836 d:- ref:0 ;
in:303 out:305 type:b dur:2 cpbdur:2 q:19.15 aq:15.51 tex:9822 mv:3668 misc:1574 imb:2 pmb:512 smb:3086 d:- ref:0 ;
in:305 out:306 type:b dur:2 cpbdur:2 q:19.15 aq:15.60 tex:9170 mv:3675 misc:1619 imb:3 pmb:520 smb:3077 d:- ref:0 ;
in:310 out:307 type:P dur:2 cpbdur:2 q:19.10 aq:10.08 tex:231684 mv:6795 misc:633 imb:86 pmb:1103 smb:2411 d:- ref:0 ;
in:308 out:308 type:B dur:2 cpbdur:2 q:19.13 aq:13.88 tex:20629 mv:6056 misc:1571 imb:7 pmb:757 smb:2836 d:- ref:0 ;
in:307 out:309 type:b dur:2 cpbdur:2 q:19.14 aq:15.80 tex:10915 mv:3939 misc:1594 imb:3 pmb:556 smb:3041 d:- ref:0 ;
in:309 out:310 type:b dur:2 cpbdur:2 q:19.12 aq:15.11 tex:9009 mv:3799 misc:1592 imb:4 pmb:521 smb:3075 d:- ref:0 ;
in:314 out:311 type:P dur:2 cpbdur:2 q:19.10 aq:10.45 tex:225253 mv:6804 misc:623 imb:82 pmb:1098 smb:2420 d:- ref:0 ;
in:312 out:312 type:B dur:2 cpbdur:2 q:19.10 aq:13.60 tex:24732 mv:6428 misc:1592 imb:8 pmb:775 smb:2817 d:- ref:0 ;
in:311 out:313 type:b dur:2 cpbdur:2 q:19.10 aq:15.83 tex:9472 mv:3661 misc:1515 imb:7 pmb:509 smb:3084 d:- ref:0 ;
in:313 out:314 type:b dur:2 cpbdur:2 q:19.10 aq:15.86 tex:9625 mv:3905 misc:1670 imb:3 pmb:557 smb:3040 d:- ref:0 ;
in:318 out:315 type:P dur:2 cpbdur:2 q:19.09 aq:9.18 tex:218446 mv:7154 misc:584 imb:99 pmb:1096 smb:2405 d:- ref:0 ;
in:316 out:316 type:B dur:2 cpbdur:2 q:19.09 aq:13.58 tex:30938 mv:6644 misc:1418 imb:8 pmb:874 smb:2718 d:- ref:0 ;
in:315 out:317 type:b dur:2 cpbdur:2 q:19.10 aq:16.20 tex:10161 mv:4155 misc:1628 imb:4 pmb:559 smb:3037 d:- ref:0 ;
in:317 out:318 type:b dur:2 cpbdur:2 q:19.09 aq:15.75 tex:18930 mv:4620 misc:1482 imb:3 pmb:754 smb:2843 d:- ref:0 ;
in:322 out:319 type:P dur:2 cpbdur:2 q:19.10 aq:10.17 tex:219634 mv:6959 misc:607 imb:93 pmb:1092 smb:2415 d:- ref:0 ;
in:320 out:320 type:B dur:2 cpbdur:2 q:19.09 aq:13.69 tex:50089 mv:7179 misc:1124 imb:17 pmb:980 smb:2603 d:- ref:0 ;
in:319 out:321 type:b dur:2 cpbdur:2 q:19.09 aq:15.54 tex:11585 mv:4435 misc:1612 imb:2 pmb:616 smb:2982 d:- ref:0 ;
in:321 out:322 type:b dur:2 cpbdur:2 q:19.10 aq:16.11 tex:12669 mv:3918 misc:1581 imb:2 pmb:557 smb:3041 d:- ref:0 ;
in:326 out:323 type:P dur:2 cpbdur:2 q:19.09 aq:9.70 tex:212165 mv:7126 misc:565 imb:83 pmb:1107 smb:2410 d:- ref:0 ;
in:324 out:324 type:B dur:2 cpbdur:2 q:19.09 aq:14.07 tex:47771 mv:7238 misc:1127 imb:10 pmb:969 smb:2621 d:- ref:0 ;
in:323 out:325 type:b dur:2 cpbdur:2 q:19.10 aq:15.68 tex:11392 mv:4032 misc:1632 imb:1 pmb:582 smb:3017 d:- ref:0 ;
in:325 out:326 type:b dur:2 cpbdur:2 q:19.09 aq:15.84 tex:11256 mv:3982 misc:1642 imb:6 pmb:556 smb:3038 d:- ref:0 ;
in:330 out:327 type:P dur:2 cpbdur:2 q:19.08 aq:9.76 tex:215806 mv:6800 misc:634 imb:85 pmb:1097 smb:2418 d:- ref:0 ;
in:328 out:328 type:B dur:2 cpbdur:2 q:19.08 aq:13.50 tex:48252 mv:7184 misc:1084 imb:17 pmb:985 smb:2598 d:- ref:0 ;
in:327 out:329 type:b dur:2 cpbdur:2 q:19.09 aq:15.77 tex:13066 mv:4301 misc:1593 imb:7 pmb:622 smb:2971 d:- ref:0 ;
in:329 out:330 type:b dur:2 cpbdur:2 q:19.08 aq:15.84 tex:11968 mv:3918 misc:1586 imb:3 pmb:553 smb:3044 d:- ref:0 ;
in:334 out:331 type:P dur:2 cpbdur:2 q:19.10 aq:10.30 tex:209282 mv:7109 misc:625 imb:81 pmb:1101 smb:2418 d:- ref:0 ;
in:332 out:332 type:B dur:2 cpbdur:2 q:19.09 aq:13.92 tex:50720 mv:6927 misc:1113 imb:12 pmb:980 smb:2608 d:- ref:0 ;
in:331 out:333 type:b dur:2 cpbdur:2 q:19.08 aq:16.52 tex:11434 mv:3721 misc:1621 imb:2 pmb:555 smb:3043 d:- ref:0 ;
in:333 out:334 type:b dur:2 cpbdur:2 q:19.09 aq:15.74 tex:11904 mv:3892 misc:1540 imb:9 pmb:570 smb:3021 d:- ref:0 ;
in:338 out:335 type:P dur:2 cpbdur:2 q:19.08 aq:9.92 tex:216218 mv:7316 misc:626 imb:102 pmb:1081 smb:2417 d:- ref:0 ;
in:336 out:336 type:B dur:2 cpbdur:2 q:19.09 aq:13.95 tex:47429 mv:7036 misc:1055 imb:12 pmb:994 smb:2594 d:- ref:0 ;
in:335 out:337 type:b dur:2 cpbdur:2 q:19.09 aq:15.70 tex:11643 mv:4287 misc:1710 imb:6 pmb:587 smb:3007 d:- ref:0 ;
in:337 out:338 type:b dur:2 cpbdur:2 q:19.09 aq:16.08 tex:12707 mv:4164 misc:1545 imb:10 pmb:585 smb:3005 d:- ref:0 ;
in:342 out:339 type:P dur:2 cpbdur:2 q:19.09 aq:10.14 tex:215798 mv:7071 misc:603 imb:108 pmb:1082 smb:2410 d:- ref:0 ;
in:340 out:340 type:B dur:2 cpbdur:2 q:19.09 aq:13.83 tex:49612 mv:6959 misc:1069 imb:14 pmb:971 smb:2615 d:- ref:0 ;
in:339 out:341 type:b dur:2 cpbdur:2 q:19.08 aq:15.71 tex:12873 mv:4185 misc:1606 imb:4 pmb:620 smb:2976 d:- ref:0 ;
in:341 out:342 type:b dur:2 cpbdur:2 q:19.09 aq:15.78 tex:11899 mv:3813 misc:1544 imb:4 pmb:578 smb:3018 d:- ref:0 ;
in:346 out:343 type:P dur:2 cpbdur:2 q:19.09 aq:10.28 tex:214763 mv:7058 misc:603 imb:94 pmb:1087 smb:2419 d:- ref:0 ;
in:344 out:344 type:B dur:2 cpbdur:2 q:19.09 aq:12.84 tex:48312 mv:7055 misc:1097 imb:11 pmb:990 smb:2599 d:- ref:0 ;
in:343 out:345 type:b dur:2 cpbdur:2 q:19.09 aq:15.83 tex:11130 mv:4085 misc:1625 imb:3 pmb:570 smb:3027 d:- ref:0 ;
in:345 out:346 type:b dur:2 cpbdur:2 q:19.09 aq:15.95 tex:11921 mv:3894 misc:1577 imb:7 pmb:581 smb:3012 d:- ref:0 ;
in:350 out:347 type:P dur:2 cpbdur:2 q:19.06 aq:10.73 tex:211570 mv:6873 misc:629 imb:86 pmb:1092 smb:2422 d:- ref:0 ;
in:348 out:348 type:B dur:2 cpbdur:2 q:19.07 aq:13.63 tex:48833 mv:7297 misc:1022 imb:16 pmb:1002 smb:2582 d:- ref:0 ;
in:347 out:349 type:b dur:2 cpbdur:2 q:19.08 aq:16.07 tex:11491 mv:3802 misc:1683 imb:5 pmb:588 smb:3007 d:- ref:0 ;
in:349 out:350 type:b dur:2 cpbdur:2 q:19.07 aq:15.93 tex:11167 mv:3997 misc:1604 imb:5 pmb:577 smb:3018 d:- ref:0 ;
in:354 out:351 type:P dur:2 cpbdur:2 q:19.05 aq:9.71 tex:206832 mv:6968 misc:656 imb:80 pmb:1091 smb:2429 d:- ref:0 ;
in:352 out:352 type:B dur:2 cpbdur:2 q:19.06 aq:14.23 tex:49181 mv:6973 misc:1046 imb:9 pmb:1005 smb:2586 d:- ref:0 ;
in:351 out:353 type:b dur:2 cpbdur:2 q:19.06 aq:16.15 tex:11937 mv:4585 misc:1582 imb:3 pmb:655 smb:2942 d:- ref:0 ;
in:353 out:354 type:b dur:2 cpbdur:2 q:19.05 aq:16.03 tex:12427 mv:3902 misc:1575 imb:3 pmb:587 smb:3010 d:- ref:0 ;
in:358 out:355 type:P dur:2 cpbdur:2 q:19.06 aq:9.80 tex:204703 mv:6809 misc:720 imb:89 pmb:1074 smb:2437 d:- ref:0 ;
in:356 out:356 type:B dur:2 cpbdur:2 q:19.05 aq:13.64 tex:49430 mv:6929 misc:1121 imb:14 pmb:987 smb:2599 d:- ref:0 ;
in:355 out:357 type:b dur:2 cpbdur:2 q:19.05 aq:15.36 tex:12575 mv:4270 misc:1547 imb:5 pmb:608 smb:2987 d:- ref:0 ;
in:357 out:358 type:b dur:2 cpbdur:2 q:19.06 aq:15.97 tex:10890 mv:4256 misc:1606 imb:7 pmb:583 smb:3010 d:- ref:0 ;
in:362 out:359 type:P dur:2 cpbdur:2 q:19.06 aq:8.79 tex:257214 mv:7502 misc:620 imb:152 pmb:1074 smb:2374 d:- ref:0 ;
in:360 out:360 type:B dur:2 cpbdur:2 q:19.06 aq:13.82 tex:48683 mv:6668 misc:1193 imb:18 pmb:923 smb:2659 d:- ref:0 ;
in:359 out:361 type:b dur:2 cpbdur:2 q:19.06 aq:15.61 tex:16322 mv:4613 misc:1577 imb:6 pmb:693 smb:2901 d:- ref:0 ;
in:361 out:362 type:b dur:2 cpbdur:2 q:19.06 aq:15.80 tex:10533 mv:3596 misc:1583 imb:1 pmb:564 smb:3035 d:- ref:0 ;
in:366 out:363 type:P dur:2 cpbdur:2 q:19.08 aq:9.38 tex:207498 mv:6991 misc:687 imb:88 pmb:1093 smb:2419 d:- ref:0 ;
in:364 out:364 type:B dur:2 cpbdur:2 q:19.07 aq:14.15 tex:46382 mv:7085 misc:1077 imb:10 pmb:969 smb:2621 d:- ref:0 ;
in:363 out:365 type:b dur:2 cpbdur:2 q:19.06 aq:15.77 tex:13384 mv:4174 misc:1554 imb:2 pmb:623 smb:2975 d:- ref:0 ;
in:365 out:366 type:b dur:2 cpbdur:2 q:19.07 aq:15.96 tex:12840 mv:4068 misc:1548 imb:4 pmb:591 smb:3005 d:- ref:0 ;
in:370 out:367 type:P dur:2 cpbdur:2 q:19.08 aq:9.24 tex:209109 mv:6609 misc:698 imb:80 pmb:1090 smb:2430 d:- ref:0 ;
in:368 out:368 type:B dur:2 cpbdur:2 q:19.08 aq:14.15 tex:47481 mv:7046 misc:1065 imb:10 pmb:970 smb:2620 d:- ref:0 ;
in:367 out:369 type:b dur:2 cpbdur:2 q:19.08 aq:15.33 tex:11662 mv:3754 misc:1544 imb:3 pmb:553 smb:3044 d:- ref:0 ;
in:369 out:370 type:b dur:2 cpbdur:2 q:19.08 aq:15.67 tex:11958 mv:3616 misc:1610 imb:2 pmb:550 smb:3048 d:- ref:0 ;
in:374 out:371 type:P dur:2 cpbdur:2 q:19.11 aq:8.78 tex:206303 mv:6599 misc:650 imb:84 pmb:1090 smb:2426 d:- ref:0 ;
in:372 out:372 type:B dur:2 cpbdur:2 q:19.09 aq:14.50 tex:45554 mv:6833 misc:1157 imb:8 pmb:967 smb:2625 d:- ref:0 ;
in:371 out:373 type:b dur:2 cpbdur:2 q:19.09 aq:15.34 tex:12221 mv:4002 misc:1577 imb:6 pmb:588 smb:3006 d:- ref:0 ;
in:373 out:374 type:b dur:2 cpbdur:2 q:19.10 aq:15.90 tex:12741 mv:4178 misc:1513 imb:9 pmb:585 smb:3006 d:- ref:0 ;
in:378 out:375 type:P dur:2 cpbdur:2 q:19.10 aq:9.30 tex:209759 mv:6715 misc:622 imb:94 pmb:1081 smb:2425 d:- ref:0 ;
in:376 out:376 type:B dur:2 cpbdur:2 q:19.10 aq:14.35 tex:48168 mv:7082 misc:1030 imb:12 pmb:978 smb:2610 d:- ref:0 ;
in:375 out:377 type:b dur:2 cpbdur:2 q:19.11 aq:15.91 tex:11347 mv:4370 misc:1603 imb:2 pmb:622 smb:2976 d:- ref:0 ;
in:377 out:378 type:b dur:2 cpbdur:2 q:19.10 aq:15.24 tex:11979 mv:4188 misc:1569 imb:3 pmb:607 smb:2990 d:- ref:0 ;
in:382 out:379 type:P dur:2 cpbdur:2 q:19.13 aq:9.90 tex:205952 mv:6650 misc:622 imb:79 pmb:1091 smb:2430 d:- ref:0 ;
in:380 out:380 type:B dur:2 cpbdur:2 q:19.12 aq:13.76 tex:44436 mv:6838 misc:1150 imb:10 pmb:957 smb:2633 d:- ref:0 ;
in:379 out:381 type:b dur:2 cpbdur:2 q:19.11 aq:15.79 tex:11805 mv:4066 misc:1577 imb:6 pmb:590 smb:3004 d:- ref:0 ;
in:381 out:382 type:b dur:2 cpbdur:2 q:19.12 aq:15.69 tex:10928 mv:4140 misc:1564 imb:6 pmb:557 smb:3037 d:- ref:0 ;
in:386 out:383 type:P dur:2 cpbdur:2 q:19.13 aq:9.93 tex:206799 mv:6635 misc:662 imb:90 pmb:1082 smb:2428 d:- ref:0 ;
in:384 out:384 type:B dur:2 cpbdur:2 q:19.13 aq:14.13 tex:46282 mv:6994 misc:1092 imb:10 pmb:962 smb:2628 d:- ref:0 ;
in:383 out:385 type:b dur:2 cpbdur:2 q:19.13 aq:15.85 tex:11292 mv:3954 misc:1602 imb:6 pmb:573 smb:3021 d:- ref:0 ;
in:385 out:386 type:b dur:2 cpbdur:2 q:19.13 aq:15.65 tex:12063 mv:3609 misc:1600 imb:5 pmb:554 smb:3041 d:- ref:0 ;
in:390 out:387 type:P dur:2 cpbdur:2 q:19.10 aq:10.25 tex:207886 mv:6538 misc:624 imb:87 pmb:1082 smb:2431 d:- ref:0 ;
in:388 out:388 type:B dur:2 cpbdur:2 q:19.12 aq:14.08 tex:45910 mv:6859 misc:1103 imb:10 pmb:962 smb:2628 d:- ref:0 ;
in:387 out:389 type:b dur:2 cpbdur:2 q:19.12 aq:15.76 tex:10764 mv:3852 misc:1552 imb:2 pmb:555 smb:3043 d:- ref:0 ;
in:389 out:390 type:b dur:2 cpbdur:2 q:19.11 aq:15.43 tex:10030 mv:3675 misc:1503 imb:8 pmb:524 smb:3068 d:- ref:0 ;
in:394 out:391 type:P dur:2 cpbdur:2 q:19.10 aq:10.44 tex:204780 mv:6558 misc:654 imb:68 pmb:1096 smb:2436 d:- ref:0 ;
in:392 out:392 type:B dur:2 cpbdur:2 q:19.10 aq:14.06 tex:45174 mv:6541 misc:1205 imb:7 pmb:927 smb:2666 d:- ref:0 ;
in:391 out:393 type:b dur:2 cpbdur:2 q:19.10 aq:15.52 tex:10922 mv:3892 misc:1594 imb:5 pmb:554 smb:3041 d:- ref:0 ;
in:393 out:394 type:b dur:2 cpbdur:2 q:19.10 aq:15.60 tex:10468 mv:3934 misc:1582 imb:6 pmb:558 smb:3036 d:- ref:0 ;
in:398 out:395 type:P dur:2 cpbdur:2 q:19.10 aq:9.18 tex:205456 mv:6576 misc:680 imb:82 pmb:1084 smb:2434 d:- ref:0 ;
in:396 out:396 type:B dur:2 cpbdur:2 q:19.10 aq:14.17 tex:43880 mv:6802 misc:1102 imb:8 pmb:941 smb:2651 d:- ref:0 ;
in:395 out:397 type:b dur:2 cpbdur:2 q:19.10 aq:15.13 tex:10783 mv:4150 misc:1523 imb:3 pmb:584 smb:3013 d:- ref:0 ;
in:397 out:398 type:b dur:2 cpbdur:2 q:19.10 aq:15.66 tex:11676 mv:3806 misc:1566 imb:2 pmb:568 smb:3030 d:- ref:0 ;
in:402 out:399 type:P dur:2 cpbdur:2 q:19.09 aq:9.56 tex:205361 mv:6767 misc:648 imb:80 pmb:1094 smb:2426 d:- ref:0 ;
in:400 out:400 type:B dur:2 cpbdur:2 q:19.09 aq:13.74 tex:46042 mv:6842 misc:1020 imb:11 pmb:962 smb:2627 d:- ref:0 ;
in:399 out:401 type:b dur:2 cpbdur:2 q:19.10 aq:16.20 tex:10762 mv:3852 misc:1626 imb:4 pmb:564 smb:3032 d:- ref:0 ;
in:401 out:402 type:b dur:2 cpbdur:2 q:19.09 aq:15.69 tex:11354 mv:3665 misc:1565 imb:5 pmb:549 smb:3046 d:- ref:0 ;
in:406 out:403 type:P dur:2 cpbdur:2 q:19.08 aq:9.42 tex:205716 mv:6703 misc:637 imb:85 pmb:1089 smb:2426 d:- ref:0 ;
in:404 out:404 type:B dur:2 cpbdur:2 q:19.08 aq:13.98 tex:43169 mv:7236 misc:1147 imb:14 pmb:949 smb:2637 d:- ref:0 ;
in:403 out:405 type:b dur:2 cpbdur:2 q:19.08 aq:15.37 tex:9625 mv:3711 misc:1600 imb:2 pmb:553 smb:3045 d:- ref:0 ;
in:405 out:406 type:b dur:2 cpbdur:2 q:19.08 aq:15.33 tex:10267 mv:3740 misc:1561 imb:7 pmb:543 smb:3050 d:- ref:0 ;
in:410 out:407 type:P dur:2 cpbdur:2 q:19.07 aq:9.81 tex:197622 mv:6613 misc:701 imb:85 pmb:1084 smb:2431 d:- ref:0 ;
in:408 out:408 type:B dur:2 cpbdur:2 q:19.07 aq:14.53 tex:41677 mv:6985 misc:1106 imb:9 pmb:939 smb:2652 d:- ref:0 ;
in:407 out:409 type:b dur:2 cpbdur:2 q:19.08 aq:15.06 tex:10146 mv:4212 misc:1514 imb:5 pmb:580 smb:3015 d:- ref:0 ;
in:409 out:410 type:b dur:2 cpbdur:2 q:19.07 aq:15.29 tex:10760 mv:3660 misc:1540 imb:7 pmb:532 smb:3061 d:- ref:0 ;
in:414 out:411 type:P dur:2 cpbdur:2 q:19.09 aq:9.97 tex:200484 mv:6768 misc:668 imb:70 pmb:1092 smb:2438 d:- ref:0 ;
in:412 out:412 type:B dur:2 cpbdur:2 q:19.08 aq:13.83 tex:41787 mv:6825 misc:1164 imb:9 pmb:942 smb:2649 d:- ref:0 ;
in:411 out:413 type:b dur:2 cpbdur:2 q:19.07 aq:15.50 tex:11060 mv:3698 misc:1570 imb:3 pmb:562 smb:3035 d:- ref:0 ;
in:413 out:414 type:b dur:2 cpbdur:2 q:19.08 aq:15.35 tex:10588 mv:3591 misc:1517 imb:8 pmb:508 smb:3084 d:- ref:0 ;
in:418 out:415 type:P dur:2 cpbdur:2 q:19.08 aq:10.25 tex:191599 mv:6445 misc:692 imb:69 pmb:1093 smb:2438 d:- ref:0 ;
in:416 out:416 type:B dur:2 cpbdur:2 q:19.08 aq:13.77 tex:43221 mv:6569 misc:1066 imb:12 pmb:935 smb:2653 d:- ref:0 ;
in:415 out:417 type:b dur:2 cpbdur:2 q:19.08 aq:15.25 tex:9576 mv:3837 misc:1539 imb:0 pmb:566 smb:3034 d:- ref:0 ;
in:417 out:418 type:b dur:2 cpbdur:2 q:19.08 aq:15.31 tex:9572 mv:3500 misc:1456 imb:3 pmb:537 smb:3060 d:- ref:0 ;
in:422 out:419 type:P dur:2 cpbdur:2 q:19.07 aq:9.99 tex:211166 mv:6678 misc:604 imb:89 pmb:1094 smb:2417 d:- ref:0 ;
in:420 out:420 type:B dur:2 cpbdur:2 q:19.07 aq:13.59 tex:46391 mv:7220 misc:997 imb:20 pmb:981 smb:2599 d:- ref:0 ;
in:419 out:421 type:b dur:2 cpbdur:2 q:19.07 aq:15.17 tex:10565 mv:4042 misc:1505 imb:1 pmb:573 smb:3026 d:- ref:0 ;
in:421 out:422 type:b dur:2 cpbdur:2 q:19.07 aq:15.68 tex:8561 mv:3312 misc:1567 imb:3 pmb:493 smb:3104 d:- ref:0 ;
in:426 out:423 type:P dur:2 cpbdur:2 q:19.06 aq:9.25 tex:197341 mv:6505 misc:658 imb:68 pmb:1111 smb:2421 d:- ref:0 ;
in:424 out:424 type:B dur:2 cpbdur:2 q:19.06 aq:13.54 tex:42990 mv:6728 misc:1194 imb:10 pmb:936 smb:2654 d:- ref:0 ;
in:423 out:425 type:b dur:2 cpbdur:2 q:19.07 aq:15.71 tex:8393 mv:3660 misc:1507 imb:1 pmb:516 smb:3083 d:- ref:0 ;
in:425 out:426 type:b dur:2 cpbdur:2 q:19.06 aq:15.24 tex:10119 mv:3625 misc:1496 imb:5 pmb:504 smb:3091 d:- ref:0 ;
in:430 out:427 type:P dur:2 cpbdur:2 q:19.02 aq:9.63 tex:198273 mv:6528 misc:607 imb:73 pmb:1093 smb:2434 d:- ref:0 ;
in:428 out:428 type:B dur:2 cpbdur:2 q:19.04 aq:13.41 tex:43478 mv:6436 misc:1102 imb:11 pmb:915 smb:2674 d:- ref:0 ;
in:427 out:429 type:b dur:2 cpbdur:2 q:19.05 aq:15.22 tex:9840 mv:3725 misc:1483 imb:1 pmb:544 smb:3055 d:- ref:0 ;
in:429 out:430 type:b dur:2 cpbdur:2 q:19.03 aq:15.83 tex:9978 mv:3406 misc:1504 imb:5 pmb:507 smb:3088 d:- ref:0 ;
in:434 out:431 type:P dur:2 cpbdur:2 q:19.01 aq:9.19 tex:200796 mv:6409 misc:651 imb:69 pmb:1095 smb:2436 d:- ref:0 ;
in:432 out:432 type:B dur:2 cpbdur:2 q:19.01 aq:13.70 tex:45071 mv:6591 misc:1042 imb:3 pmb:948 smb:2649 d:- ref:0 ;
in:431 out:433 type:b dur:2 cpbdur:2 q:19.02 aq:15.38 tex:9592 mv:3644 misc:1468 imb:5 pmb:509 smb:3086 d:- ref:0 ;
in:433 out:434 type:b dur:2 cpbdur:2 q:19.01 aq:15.58 tex:10686 mv:3418 misc:1520 imb:4 pmb:532 smb:3064 d:- ref:0 ;
in:438 out:435 type:P dur:2 cpbdur:2 q:18.99 aq:8.90 tex:202121 mv:6795 misc:588 imb:86 pmb:1087 smb:2427 d:- ref:0 ;
in:436 out:436 type:B dur:2 cpbdur:2 q:19.00 aq:14.10 tex:43551 mv:6571 misc:1126 imb:5 pmb:945 smb:2650 d:- ref:0 ;
in:435 out:437 type:b dur:2 cpbdur:2 q:19.00 aq:15.32 tex:10263 mv:3766 misc:1515 imb:1 pmb:565 smb:3034 d:- ref:0 ;
in:437 out:438 type:b dur:2 cpbdur:2 q:18.99 aq:15.22 tex:10960 mv:3795 misc:1477 imb:4 pmb:551 smb:3045 d:- ref:0 ;
in:442 out:439 type:P dur:2 cpbdur:2 q:18.98 aq:9.06 tex:194221 mv:6570 misc:649 imb:76 pmb:1091 smb:2433 d:- ref:0 ;
in:440 out:440 type:B dur:2 cpbdur:2 q:18.98 aq:14.05 tex:44791 mv:6827 misc:1126 imb:10 pmb:935 smb:2655 d:- ref:0 ;
in:439 out:441 type:b dur:2 cpbdur:2 q:18.99 aq:14.91 tex:10215 mv:4052 misc:1517 imb:1 pmb:575 smb:3024 d:- ref:0 ;
in:441 out:442 type:b dur:2 cpbdur:2 q:18.98 aq:15.34 tex:10376 mv:3708 misc:1508 imb:3 pmb:507 smb:3090 d:- ref:0 ;
in:446 out:443 type:P dur:2 cpbdur:2 q:18.96 aq:8.33 tex:194350 mv:6631 misc:675 imb:75 pmb:1100 smb:2425 d:- ref:0 ;
in:444 out:444 type:B dur:2 cpbdur:2 q:18.97 aq:14.16 tex:44027 mv:6834 misc:1115 imb:11 pmb:935 smb:2654 d:- ref:0 ;
in:443 out:445 type:b dur:2 cpbdur:2 q:18.98 aq:15.62 tex:10444 mv:3909 misc:1551 imb:2 pmb:581 smb:3017 d:- ref:0 ;
in:445 out:446 type:b dur:2 cpbdur:2 q:18.96 aq:15.03 tex:11366 mv:3897 misc:1553 imb:3 pmb:586 smb:3011 d:- ref:0 ;
in:450 out:447 type:P dur:2 cpbdur:2 q:18.94 aq:8.04 tex:288213 mv:6853 misc:638 imb:117 pmb:1108 smb:2375 d:- ref:0 ;
in:448 out:448 type:B dur:2 cpbdur:2 q:18.95 aq:13.66 tex:41144 mv:6689 misc:1175 imb:18 pmb:938 smb:2644 d:- ref:0 ;
in:447 out:449 type:b dur:2 cpbdur:2 q:18.96 aq:15.15 tex:10956 mv:3710 misc:1566 imb:3 pmb:548 smb:3049 d:- ref:0 ;
in:449 out:450 type:b dur:2 cpbdur:2 q:18.95 aq:15.04 tex:15486 mv:4274 misc:1568 imb:10 pmb:639 smb:2951 d:- ref:0 ;
in:454 out:451 type:P dur:2 cpbdur:2 q:18.98 aq:9.79 tex:175299 mv:6001 misc:780 imb:55 pmb:1089 smb:2456 d:- ref:0 ;
in:452 out:452 type:B dur:2 cpbdur:2 q:18.96 aq:13.89 tex:18587 mv:5590 misc:1607 imb:4 pmb:705 smb:2891 d:- ref:0 ;
in:451 out:453 type:b dur:2 cpbdur:2 q:18.95 aq:15.66 tex:6531 mv:2988 misc:1569 imb:0 pmb:481 smb:3119 d:- ref:0 ;
in:453 out:454 type:b dur:2 cpbdur:2 q:18.97 aq:14.53 tex:9153 mv:3650 misc:1509 imb:4 pmb:523 smb:3073 d:- ref:0 ;
in:458 out:455 type:P dur:2 cpbdur:2 q:18.96 aq:10.36 tex:188221 mv:6307 misc:696 imb:51 pmb:1095 smb:2454 d:- ref:0 ;
in:456 out:456 type:B dur:2 cpbdur:2 q:18.97 aq:13.98 tex:21522 mv:6106 misc:1500 imb:7 pmb:766 smb:2827 d:- ref:0 ;
in:455 out:457 type:b dur:2 cpbdur:2 q:18.97 aq:15.02 tex:9574 mv:3512 misc:1474 imb:1 pmb:503 smb:3096 d:- ref:0 ;
in:457 out:458 type:b dur:2 cpbdur:2 q:18.96 aq:15.28 tex:8070 mv:3538 misc:1544 imb:3 pmb:504 smb:3093 d:- ref:0 ;
in:462 out:459 type:P dur:2 cpbdur:2 q:18.94 aq:9.66 tex:203863 mv:6497 misc:680 imb:78 pmb:1091 smb:2431 d:- ref:0 ;
in:460 out:460 type:B dur:2 cpbdur:2 q:18.95 aq:13.35 tex:20930 mv:6204 misc:1458 imb:5 pmb:783 smb:2812 d:- ref:0 ;
in:459 out:461 type:b dur:2 cpbdur:2 q:18.95 aq:15.23 tex:9089 mv:3770 misc:1557 imb:8 pmb:496 smb:3096 d:- ref:0 ;
in:461 out:462 type:b dur:2 cpbdur:2 q:18.94 aq:15.28 tex:8276 mv:3410 misc:1474 imb:2 pmb:507 smb:3091 d:- ref:0 ;
in:466 out:463 type:P dur:2 cpbdur:2 q:18.92 aq:10.07 tex:200713 mv:6231 misc:728 imb:72 pmb:1083 smb:2445 d:- ref:0 ;
in:464 out:464 type:B dur:2 cpbdur:2 q:18.93 aq:13.15 tex:19253 mv:6127 misc:1540 imb:8 pmb:746 smb:2846 d:- ref:0 ;
in:463 out:465 type:b dur:2 cpbdur:2 q:18.93 aq:14.76 tex:9671 mv:3606 misc:1483 imb:8 pmb:495 smb:3097 d:- ref:0 ;
in:465 out:466 type:b dur:2 cpbdur:2 q:18.93 aq:14.89 tex:8754 mv:3539 misc:1539 imb:6 pmb:519 smb:3075 d:- ref:0 ;
in:470 out:467 type:P dur:2 cpbdur:2 q:18.93 aq:9.68 tex:199610 mv:6216 misc:694 imb:72 pmb:1071 smb:2457 d:- ref:0 ;
in:468 out:468 type:B dur:2 cpbdur:2 q:18.92 aq:13.21 tex:19832 mv:6378 misc:1478 imb:8 pmb:774 smb:2818 d:- ref:0 ;
in:467 out:469 type:b dur:2 cpbdur:2 q:18.92 aq:15.20 tex:8733 mv:3710 misc:1501 imb:5 pmb:496 smb:3099 d:- ref:0 ;
in:469 out:470 type:b dur:2 cpbdur:2 q:18.93 aq:14.99 tex:8243 mv:3518 misc:1495 imb:1 pmb:509 smb:3090 d:- ref:0 ;
in:474 out:471 type:P dur:2 cpbdur:2 q:18.89 aq:9.86 tex:206255 mv:6467 misc:670 imb:89 pmb:1074 smb:2437 d:- ref:0 ;
in:472 out:472 type:B dur:2 cpbdur:2 q:18.91 aq:13.73 tex:19925 mv:6296 misc:1523 imb:7 pmb:779 smb:2814 d:- ref:0 ;
in:471 out:473 type:b dur:2 cpbdur:2 q:18.92 aq:14.91 tex:8821 mv:3723 misc:1504 imb:2 pmb:511 smb:3087 d:- ref:0 ;
in:473 out:474 type:b dur:2 cpbdur:2 q:18.90 aq:15.40 tex:7658 mv:3517 misc:1561 imb:2 pmb:512 smb:3086 d:- ref:0 ;
in:478 out:475 type:P dur:2 cpbdur:2 q:18.86 aq:9.78 tex:200113 mv:6405 misc:682 imb:73 pmb:1070 smb:2457 d:- ref:0 ;
in:476 out:476 type:B dur:2 cpbdur:2 q:18.88 aq:13.67 tex:20451 mv:6185 misc:1484 imb:6 pmb:748 smb:2846 d:- ref:0 ;
in:475 out:477 type:b dur:2 cpbdur:2 q:18.89 aq:14.71 tex:8981 mv:3906 misc:1537 imb:3 pmb:531 smb:3066 d:- ref:0 ;
in:477 out:478 type:b dur:2 cpbdur:2 q:18.87 aq:14.85 tex:9150 mv:3939 misc:1527 imb:6 pmb:540 smb:3054 d:- ref:0 ;
in:482 out:479 type:P dur:2 cpbdur:2 q:18.83 aq:8.27 tex:213274 mv:6668 misc:618 imb:89 pmb:1095 smb:2416 d:- ref:0 ;
in:480 out:480 type:B dur:2 cpbdur:2 q:18.85 aq:13.57 tex:23031 mv:6862 misc:1371 imb:8 pmb:851 smb:2741 d:- ref:0 ;
in:479 out:481 type:b dur:2 cpbdur:2 q:18.85 aq:14.61 tex:9279 mv:3973 misc:1628 imb:7 pmb:562 smb:3031 d:- ref:0 ;
in:481 out:482 type:b dur:2 cpbdur:2 q:18.84 aq:15.28 tex:8686 mv:3375 misc:1515 imb:2 pmb:481 smb:3117 d:- ref:0 ;
in:486 out:483 type:P dur:2 cpbdur:2 q:18.81 aq:9.54 tex:196239 mv:6461 misc:668 imb:79 pmb:1083 smb:2438 d:- ref:0 ;
in:484 out:484 type:B dur:2 cpbdur:2 q:18.82 aq:13.65 tex:21048 mv:6610 misc:1502 imb:9 pmb:795 smb:2796 d:- ref:0 ;
in:483 out:485 type:b dur:2 cpbdur:2 q:18.83 aq:15.29 tex:8406 mv:3642 misc:1528 imb:6 pmb:506 smb:3088 d:- ref:0 ;
in:485 out:486 type:b dur:2 cpbdur:2 q:18.81 aq:15.34 tex:8060 mv:3599 misc:1533 imb:2 pmb:517 smb:3081 d:- ref:0 ;
in:490 out:487 type:P dur:2 cpbdur:2 q:18.77 aq:9.19 tex:198556 mv:6480 misc:668 imb:77 pmb:1084 smb:2439 d:- ref:0 ;
in:488 out:488 type:B dur:2 cpbdur:2 q:18.79 aq:13.27 tex:20441 mv:6423 misc:1512 imb:9 pmb:769 smb:2822 d:- ref:0 ;
in:487 out:489 type:b dur:2 cpbdur:2 q:18.80 aq:15.23 tex:9442 mv:3976 misc:1582 imb:7 pmb:543 smb:3050 d:- ref:0 ;
in:489 out:490 type:b dur:2 cpbdur:2 q:18.78 aq:15.07 tex:8382 mv:3583 misc:1555 imb:2 pmb:541 smb:3057 d:- ref:0 ;
in:494 out:491 type:P dur:2 cpbdur:2 q:18.76 aq:9.90 tex:193481 mv:6457 misc:702 imb:77 pmb:1074 smb:2449 d:- ref:0 ;
in:492 out:492 type:B dur:2 cpbdur:2 q:18.76 aq:13.26 tex:19518 mv:6336 misc:1498 imb:6 pmb:769 smb:2825 d:- ref:0 ;
in:491 out:493 type:b dur:2 cpbdur:2 q:18.77 aq:14.85 tex:8629 mv:3499 misc:1576 imb:7 pmb:495 smb:3098 d:- ref:0 ;
in:493 out:494 type:b dur:2 cpbdur:2 q:18.76 aq:14.66 tex:7843 mv:3932 misc:1537 imb:1 pmb:530 smb:3069 d:- ref:0 ;
in:498 out:495 type:P dur:2 cpbdur:2 q:18.73 aq:9.49 tex:195861 mv:6439 misc:732 imb:95 pmb:1078 smb:2427 d:- ref:0 ;
in:496 out:496 type:B dur:2 cpbdur:2 q:18.75 aq:13.55 tex:38901 mv:6970 misc:1129 imb:7 pmb:959 smb:2634 d:- ref:0 ;
in:495 out:497 type:b dur:2 cpbdur:2 q:18.75 aq:15.09 tex:9131 mv:3755 misc:1474 imb:9 pmb:496 smb:3095 d:- ref:0 ;
in:497 out:498 type:b dur:2 cpbdur:2 q:18.74 aq:14.92 tex:10118 mv:3969 misc:1561 imb:4 pmb:582 smb:3014 d:- ref:0 ;
in:499 out:499 type:P dur:2 cpbdur:2 q:18.71 aq:14.69 tex:17929 mv:3088 misc:1535 imb:19 pmb:652 smb:2929 d:- ref:0 ;
in:500 out:500 type:I dur:2 cpbdur:2 q:15.92 aq:2.64 tex:647906 mv:53618 misc:164 imb:3600 pmb:0 smb:0 d:- ref:;
in:504 out:501 type:P dur:2 cpbdur:2 q:19.10 aq:9.86 tex:150332 mv:6379 misc:745 imb:73 pmb:1063 smb:2464 d:- ref:0 ;
in:502 out:502 type:B dur:2 cpbdur:2 q:19.10 aq:13.26 tex:12762 mv:5149 misc:1577 imb:5 pmb:600 smb:2995 d:- ref:0 ;
in:501 out:503 type:b dur:2 cpbdur:2 q:19.10 aq:15.57 tex:5739 mv:2736 misc:1437 imb:2 pmb:373 smb:3225 d:- ref:0 ;
in:503 out:504 type:b dur:2 cpbdur:2 q:19.10 aq:14.90 tex:6396 mv:3153 misc:1499 imb:4 pmb:431 smb:3165 d:- ref:0 ;
in:508 out:505 type:P dur:2 cpbdur:2 q:19.06 aq:9.99 tex:173644 mv:6279 misc:805 imb:64 pmb:1067 smb:2469 d:- ref:0 ;
in:506 out:506 type:B dur:2 cpbdur:2 q:19.08 aq:13.58 tex:15020 mv:5753 misc:1579 imb:7 pmb:679 smb:2914 d:- ref:0 ;
in:505 out:507 type:b dur:2 cpbdur:2 q:19.09 aq:14.88 tex:8078 mv:3154 misc:1440 imb:3 pmb:448 smb:3149 d:- ref:0 ;
in:507 out:508 type:b dur:2 cpbdur:2 q:19.07 aq:15.08 tex:7269 mv:3432 misc:1411 imb:2 pmb:467 smb:3131 d:- ref:0 ;
in:512 out:509 type:P dur:2 cpbdur:2 q:19.00 aq:9.55 tex:183944 mv:6396 misc:748 imb:80 pmb:1064 smb:2456 d:- ref:0 ;
in:510 out:510 type:B dur:2 cpbdur:2 q:19.03 aq:13.28 tex:17870 mv:6117 misc:1525 imb:7 pmb:736 smb:2857 d:- ref:0 ;
in:509 out:511 type:b dur:2 cpbdur:2 q:19.05 aq:14.98 tex:8399 mv:3303 misc:1402 imb:3 pmb:457 smb:3140 d:- ref:0 ;
in:511 out:512 type:b dur:2 cpbdur:2 q:19.02 aq:14.85 tex:7176 mv:3378 misc:1542 imb:2 pmb:486 smb:3112 d:- ref:0 ;
in:516 out:513 type:P dur:2 cpbdur:2 q:18.98 aq:9.78 tex:188777 mv:6644 misc:771 imb:74 pmb:1074 smb:2452 d:- ref:0 ;
in:514 out:514 type:B dur:2 cpbdur:2 q:18.99 aq:13.28 tex:18126 mv:6249 misc:1609 imb:7 pmb:736 smb:2857 d:- ref:0 ;
in:513 out:515 type:b dur:2 cpbdur:2 q:18.99 aq:14.51 tex:8397 mv:3470 misc:1469 imb:4 pmb:478 smb:3118 d:- ref:0 ;
in:515 out:516 type:b dur:2 cpbdur:2 q:18.98 aq:14.79 tex:7752 mv:3542 misc:1538 imb:2 pmb:497 smb:3101 d:- ref:0 ;
in:520 out:517 type:P dur:2 cpbdur:2 q:18.88 aq:9.72 tex:192213 mv:6558 misc:693 imb:82 pmb:1077 smb:2441 d:- ref:0 ;
in:518 out:518 type:B dur:2 cpbdur:2 q:18.93 aq:13.52 tex:19624 mv:6650 misc:1438 imb:7 pmb:771 smb:2822 d:- ref:0 ;
in:517 out:519 type:b dur:2 cpbdur:2 q:18.95 aq:14.75 tex:7742 mv:3352 misc:1474 imb:3 pmb:460 smb:3137 d:- ref:0 ;
in:519 out:520 type:b dur:2 cpbdur:2 q:18.90 aq:15.50 tex:8164 mv:3547 misc:1537 imb:6 pmb:509 smb:3085 d:- ref:0 ;
in:524 out:521 type:P dur:2 cpbdur:2 q:18.82 aq:9.75 tex:195570 mv:6721 misc:741 imb:89 pmb:1062 smb:2449 d:- ref:0 ;
in:522 out:522 type:B dur:2 cpbdur:2 q:18.85 aq:13.24 tex:20647 mv:6053 misc:1572 imb:13 pmb:737 smb:2850 d:- ref:0 ;
in:521 out:523 type:b dur:2 cpbdur:2 q:18.87 aq:15.54 tex:8397 mv:3689 misc:1386 imb:7 pmb:480 smb:3113 d:- ref:0 ;
in:523 out:524 type:b dur:2 cpbdur:2 q:18.84 aq:15.29 tex:9457 mv:3807 misc:1552 imb:11 pmb:527 smb:3062 d:- ref:0 ;
in:528 out:525 type:P dur:2 cpbdur:2 q:18.75 aq:9.56 tex:193006 mv:6857 misc:713 imb:93 pmb:1063 smb:2444 d:- ref:0 ;
in:526 out:526 type:B dur:2 cpbdur:2 q:18.78 aq:12.74 tex:19864 mv:6359 misc:1473 imb:11 pmb:754 smb:2835 d:- ref:0 ;
in:525 out:527 type:b dur:2 cpbdur:2 q:18.80 aq:14.54 tex:8461 mv:3559 misc:1540 imb:6 pmb:488 smb:3106 d:- ref:0 ;
in:527 out:528 type:b dur:2 cpbdur:2 q:18.77 aq:15.00 tex:7232 mv:3537 misc:1567 imb:3 pmb:503 smb:3094 d:- ref:0 ;
in:532 out:529 type:P dur:2 cpbdur:2 q:18.67 aq:9.64 tex:198121 mv:6799 misc:720 imb:104 pmb:1044 smb:2452 d:- ref:0 ;
in:530 out:530 type:B dur:2 cpbdur:2 q:18.71 aq:13.02 tex:20072 mv:6074 misc:1542 imb:10 pmb:736 smb:2854 d:- ref:0 ;
in:529 out:531 type:b dur:2 cpbdur:2 q:18.73 aq:14.97 tex:7714 mv:3741 misc:1569 imb:2 pmb:500 smb:3098 d:- ref:0 ;
in:531 out:532 type:b dur:2 cpbdur:2 q:18.69 aq:15.14 tex:6950 mv:3615 misc:1587 imb:1 pmb:515 smb:3084 d:- ref:0 ;
in:536 out:533 type:P dur:2 cpbdur:2 q:18.62 aq:9.76 tex:185096 mv:6618 misc:758 imb:77 pmb:1070 smb:2453 d:- ref:0 ;
in:534 out:534 type:B dur:2 cpbdur:2 q:18.65 aq:12.69 tex:18951 mv:6204 misc:1557 imb:9 pmb:737 smb:2854 d:- ref:0 ;
in:533 out:535 type:b dur:2 cpbdur:2 q:18.66 aq:14.53 tex:9772 mv:3835 misc:1561 imb:5 pmb:558 smb:3037 d:- ref:0 ;
in:535 out:536 type:b dur:2 cpbdur:2 q:18.63 aq:14.56 tex:7635 mv:3725 misc:1576 imb:3 pmb:523 smb:3074 d:- ref:0 ;
in:540 out:537 type:P dur:2 cpbdur:2 q:18.61 aq:7.11 tex:277987 mv:7503 misc:654 imb:186 pmb:1048 smb:2366 d:- ref:0 ;
in:538 out:538 type:B dur:2 cpbdur:2 q:18.61 aq:11.42 tex:29460 mv:6559 misc:1477 imb:13 pmb:845 smb:2742 d:- ref:0 ;
in:537 out:539 type:b dur:2 cpbdur:2 q:18.62 aq:14.63 tex:9769 mv:3925 misc:1578 imb:5 pmb:548 smb:3047 d:- ref:0 ;
in:539 out:540 type:b dur:2 cpbdur:2 q:18.61 aq:14.75 tex:14730 mv:4672 misc:1526 imb:19 pmb:699 smb:2882 d:- ref:0 ;
in:544 out:541 type:P dur:2 cpbdur:2 q:18.64 aq:9.68 tex:164876 mv:6197 misc:935 imb:65 pmb:1059 smb:2476 d:- ref:0 ;
in:542 out:542 type:B dur:2 cpbdur:2 q:18.62 aq:13.29 tex:15410 mv:5581 misc:1585 imb:1 pmb:681 smb:2918 d:- ref:0 ;
in:541 out:543 type:b dur:2 cpbdur:2 q:18.61 aq:15.34 tex:6024 mv:3225 misc:1503 imb:2 pmb:470 smb:3128 d:- ref:0 ;
in:543 out:544 type:b dur:2 cpbdur:2 q:18.63 aq:14.51 tex:7321 mv:3516 misc:1459 imb:4 pmb:468 smb:3128 d:- ref:0 ;
in:548 out:545 type:P dur:2 cpbdur:2 q:18.61 aq:9.94 tex:183274 mv:6482 misc:820 imb:72 pmb:1060 smb:2468 d:- ref:0 ;
in:546 out:546 type:B dur:2 cpbdur:2 q:18.63 aq:13.09 tex:20346 mv:6168 misc:1566 imb:9 pmb:738 smb:2853 d:- ref:0 ;
in:545 out:547 type:b dur:2 cpbdur:2 q:18.63 aq:14.80 tex:8186 mv:3579 misc:1563 imb:7 pmb:491 smb:3102 d:- ref:0 ;
in:547 out:548 type:b dur:2 cpbdur:2 q:18.62 aq:14.97 tex:8299 mv:3715 misc:1562 imb:2 pmb:527 smb:3071 d:- ref:0 ;
in:552 out:549 type:P dur:2 cpbdur:2 q:18.59 aq:9.60 tex:182871 mv:6709 misc:836 imb:75 pmb:1067 smb:2458 d:- ref:0 ;
in:550 out:550 type:B dur:2 cpbdur:2 q:18.60 aq:13.21 tex:18811 mv:6217 misc:1556 imb:8 pmb:735 smb:2857 d:- ref:0 ;
in:549 out:551 type:b dur:2 cpbdur:2 q:18.60 aq:15.10 tex:8295 mv:3489 misc:1520 imb:5 pmb:489 smb:3106 d:- ref:0 ;
in:551 out:552 type:b dur:2 cpbdur:2 q:18.59 aq:14.65 tex:8027 mv:3496 misc:1533 imb:4 pmb:514 smb:3082 d:- ref:0 ;
in:556 out:553 type:P dur:2 cpbdur:2 q:18.58 aq:9.56 tex:189580 mv:6845 misc:703 imb:106 pmb:1053 smb:2441 d:- ref:0 ;
in:554 out:554 type:B dur:2 cpbdur:2 q:18.58 aq:12.88 tex:19248 mv:6669 misc:1491 imb:12 pmb:777 smb:2811 d:- ref:0 ;
in:553 out:555 type:b dur:2 cpbdur:2 q:18.58 aq:15.01 tex:8720 mv:3854 misc:1538 imb:6 pmb:504 smb:3090 d:- ref:0 ;
in:555 out:556 type:b dur:2 cpbdur:2 q:18.58 aq:14.76 tex:9103 mv:3709 misc:1540 imb:0 pmb:546 smb:3054 d:- ref:0 ;
in:560 out:557 type:P dur:2 cpbdur:2 q:18.57 aq:8.97 tex:194231 mv:6997 misc:732 imb:101 pmb:1061 smb:2438 d:- ref:0 ;
in:558 out:558 type:B dur:2 cpbdur:2 q:18.57 aq:12.78 tex:20473 mv:6385 misc:1502 imb:7 pmb:768 smb:2825 d:- ref:0 ;
in:557 out:559 type:b dur:2 cpbdur:2 q:18.57 aq:14.68 tex:9803 mv:4122 misc:1523 imb:10 pmb:538 smb:3052 d:- ref:0 ;
in:559 out:560 type:b dur:2 cpbdur:2 q:18.57 aq:14.40 tex:9280 mv:3828 misc:1556 imb:3 pmb:554 smb:3043 d:- ref:0 ;
in:564 out:561 type:P dur:2 cpbdur:2 q:18.53 aq:9.18 tex:192504 mv:6906 misc:726 imb:87 pmb:1075 smb:2438 d:- ref:0 ;
in:562 out:562 type:B dur:2 cpbdur:2 q:18.55 aq:12.97 tex:22341 mv:6269 misc:1526 imb:7 pmb:766 smb:2827 d:- ref:0 ;
in:561 out:563 type:b dur:2 cpbdur:2 q:18.56 aq:14.54 tex:10217 mv:3907 misc:1596 imb:2 pmb:568 smb:3030 d:- ref:0 ;
in:563 out:564 type:b dur:2 cpbdur:2 q:18.54 aq:14.83 tex:8671 mv:3689 misc:1552 imb:4 pmb:527 smb:3069 d:- ref:0 ;
in:568 out:565 type:P dur:2 cpbdur:2 q:18.49 aq:8.62 tex:197326 mv:6831 misc:739 imb:91 pmb:1067 smb:2442 d:- ref:0 ;
in:566 out:566 type:B dur:2 cpbdur:2 q:18.51 aq:12.81 tex:22304 mv:6974 misc:1522 imb:9 pmb:808 smb:2783 d:- ref:0 ;
in:565 out:567 type:b dur:2 cpbdur:2 q:18.52 aq:14.49 tex:9740 mv:3801 misc:1539 imb:7 pmb:528 smb:3065 d:- ref:0 ;
in:567 out:568 type:b dur:2 cpbdur:2 q:18.50 aq:14.43 tex:9369 mv:3869 misc:1570 imb:4 pmb:548 smb:3048 d:- ref:0 ;
in:572 out:569 type:P dur:2 cpbdur:2 q:18.43 aq:8.88 tex:196812 mv:7046 misc:702 imb:103 pmb:1065 smb:2432 d:- ref:0 ;
in:570 out:570 type:B dur:2 cpbdur:2 q:18.46 aq:13.00 tex:19678 mv:6554 misc:1512 imb:9 pmb:787 smb:2804 d:- ref:0 ;
in:569 out:571 type:b dur:2 cpbdur:2 q:18.48 aq:14.50 tex:9630 mv:4247 misc:1611 imb:12 pmb:553 smb:3035 d:- ref:0 ;
in:571 out:572 type:b dur:2 cpbdur:2 q:18.44 aq:14.36 tex:9489 mv:4090 misc:1557 imb:11 pmb:570 smb:3019 d:- ref:0 ;
in:576 out:573 type:P dur:2 cpbdur:2 q:18.39 aq:8.57 tex:205166 mv:6927 misc:643 imb:113 pmb:1065 smb:2422 d:- ref:0 ;
in:574 out:574 type:B dur:2 cpbdur:2 q:18.41 aq:12.98 tex:22155 mv:6924 misc:1497 imb:11 pmb:808 smb:2781 d:- ref:0 ;
in:573 out:575 type:b dur:2 cpbdur:2 q:18.42 aq:14.76 tex:10025 mv:4414 misc:1617 imb:3 pmb:601 smb:2996 d:- ref:0 ;
in:575 out:576 type:b dur:2 cpbdur:2 q:18.40 aq:14.53 tex:9193 mv:4004 misc:1619 imb:4 pmb:569 smb:3027 d:- ref:0 ;
in:580 out:577 type:P dur:2 cpbdur:2 q:18.35 aq:8.86 tex:196087 mv:7048 misc:705 imb:107 pmb:1044 smb:2449 d:- ref:0 ;
in:578 out:578 type:B dur:2 cpbdur:2 q:18.37 aq:12.73 tex:21051 mv:6632 misc:1469 imb:8 pmb:814 smb:2778 d:- ref:0 ;
in:577 out:579 type:b dur:2 cpbdur:2 q:18.38 aq:14.33 tex:9373 mv:3929 misc:1538 imb:7 pmb:549 smb:3044 d:- ref:0 ;
in:579 out:580 type:b dur:2 cpbdur:2 q:18.36 aq:14.33 tex:8832 mv:3776 misc:1520 imb:6 pmb:530 smb:3064 d:- ref:0 ;
in:584 out:581 type:P dur:2 cpbdur:2 q:18.34 aq:8.48 tex:195696 mv:6853 misc:739 imb:102 pmb:1054 smb:2444 d:- ref:0 ;
in:582 out:582 type:B dur:2 cpbdur:2 q:18.35 aq:12.39 tex:23208 mv:6840 misc:1448 imb:14 pmb:827 smb:2759 d:- ref:0 ;
in:581 out:583 type:b dur:2 cpbdur:2 q:18.35 aq:14.22 tex:9151 mv:3979 misc:1582 imb:10 pmb:534 smb:3056 d:- ref:0 ;
in:583 out:584 type:b dur:2 cpbdur:2 q:18.35 aq:14.81 tex:9147 mv:4095 misc:1534 imb:6 pmb:567 smb:3027 d:- ref:0 ;
in:588 out:585 type:P dur:2 cpbdur:2 q:18.32 aq:9.33 tex:199310 mv:6921 misc:633 imb:92 pmb:1072 smb:2436 d:- ref:0 ;
in:586 out:586 type:B dur:2 cpbdur:2 q:18.33 aq:12.71 tex:21251 mv:6758 misc:1559 imb:11 pmb:794 smb:2795 d:- ref:0 ;
in:585 out:587 type:b dur:2 cpbdur:2 q:18.34 aq:14.49 tex:10162 mv:3763 misc:1595 imb:13 pmb:527 smb:3060 d:- ref:0 ;
in:587 out:588 type:b dur:2 cpbdur:2 q:18.32 aq:14.43 tex:8750 mv:3945 misc:1561 imb:13 pmb:551 smb:3036 d:- ref:0 ;
in:592 out:589 type:P dur:2 cpbdur:2 q:18.29 aq:9.12 tex:194713 mv:7068 misc:707 imb:123 pmb:1045 smb:2432 d:- ref:0 ;
in:590 out:590 type:B dur:2 cpbdur:2 q:18.31 aq:12.23 tex:24206 mv:7248 misc:1378 imb:12 pmb:851 smb:2737 d:- ref:0 ;
in:589 out:591 type:b dur:2 cpbdur:2 q:18.31 aq:14.14 tex:9056 mv:3963 misc:1565 imb:6 pmb:545 smb:3049 d:- ref:0 ;
in:591 out:592 type:b dur:2 cpbdur:2 q:18.30 aq:14.04 tex:10403 mv:4401 misc:1548 imb:10 pmb:608 smb:2982 d:- ref:0 ;
in:596 out:593 type:P dur:2 cpbdur:2 q:18.30 aq:8.37 tex:193853 mv:6869 misc:766 imb:122 pmb:1030 smb:2448 d:- ref:0 ;
in:594 out:594 type:B dur:2 cpbdur:2 q:18.30 aq:12.72 tex:22617 mv:6817 misc:1454 imb:9 pmb:812 smb:2779 d:- ref:0 ;
in:593 out:595 type:b dur:2 cpbdur:2 q:18.29 aq:14.29 tex:10336 mv:4133 misc:1611 imb:8 pmb:587 smb:3005 d:- ref:0 ;
in:595 out:596 type:b dur:2 cpbdur:2 q:18.30 aq:14.42 tex:8791 mv:3985 misc:1616 imb:6 pmb:571 smb:3023 d:- ref:0 ;
in:600 out:597 type:P dur:2 cpbdur:2 q:18.25 aq:8.55 tex:225154 mv:7342 misc:600 imb:188 pmb:995 smb:2417 d:- ref:0 ;
in:598 out:598 type:B dur:2 cpbdur:2 q:18.27 aq:12.22 tex:26581 mv:7073 misc:1458 imb:18 pmb:835 smb:2747 d:- ref:0 ;
in:597 out:599 type:b dur:2 cpbdur:2 q:18.29 aq:13.49 tex:9671 mv:4000 misc:1593 imb:9 pmb:555 smb:3036 d:- ref:0 ;
in:599 out:600 type:b dur:2 cpbdur:2 q:18.26 aq:14.12 tex:9694 mv:4486 misc:1604 imb:6 pmb:611 smb:2983 d:- ref:0 ;
in:604 out:601 type:P dur:2 cpbdur:2 q:18.23 aq:8.76 tex:201815 mv:6927 misc:690 imb:112 pmb:1056 smb:2432 d:- ref:0 ;
in:602 out:602 type:B dur:2 cpbdur:2 q:18.24 aq:12.01 tex:22260 mv:6963 misc:1505 imb:10 pmb:807 smb:2783 d:- ref:0 ;
in:601 out:603 type:b dur:2 cpbdur:2 q:18.25 aq:13.50 tex:8730 mv:3987 misc:1555 imb:5 pmb:556 smb:3039 d:- ref:0 ;
in:603 out:604 type:b dur:2 cpbdur:2 q:18.24 aq:12.09 tex:8204 mv:3882 misc:1634 imb:7 pmb:547 smb:3046 d:- ref:0 ;
in:608 out:605 type:P dur:2 cpbdur:2 q:18.21 aq:9.06 tex:198611 mv:6994 misc:707 imb:105 pmb:1059 smb:2436 d:- ref:0 ;
in:606 out:606 type:B dur:2 cpbdur:2 q:18.22 aq:12.05 tex:22112 mv:6849 misc:1423 imb:15 pmb:807 smb:2778 d:- ref:0 ;
in:605 out:607 type:b dur:2 cpbdur:2 q:18.23 aq:14.23 tex:9273 mv:4246 misc:1521 imb:11 pmb:553 smb:3036 d:- ref:0 ;
in:607 out:608 type:b dur:2 cpbdur:2 q:18.21 aq:14.25 tex:8278 mv:3810 misc:1560 imb:4 pmb:551 smb:3045 d:- ref:0 ;
in:612 out:609 type:P dur:2 cpbdur:2 q:18.15 aq:9.13 tex:197868 mv:7192 misc:708 imb:116 pmb:1047 smb:2437 d:- ref:0 ;
in:610 out:610 type:B dur:2 cpbdur:2 q:18.18 aq:12.49 tex:23361 mv:6636 misc:1483 imb:8 pmb:817 smb:2775 d:- ref:0 ;
in:609 out:611 type:b dur:2 cpbdur:2 q:18.19 aq:14.49 tex:8928 mv:4113 misc:1607 imb:12 pmb:534 smb:3054 d:- ref:0 ;
in:611 out:612 type:b dur:2 cpbdur:2 q:18.17 aq:14.28 tex:9388 mv:3946 misc:1634 imb:9 pmb:557 smb:3034 d:- ref:0 ;
in:616 out:613 type:P dur:2 cpbdur:2 q:18.12 aq:9.01 tex:198263 mv:7332 misc:685 imb:123 pmb:1042 smb:2435 d:- ref:0 ;
in:614 out:614 type:B dur:2 cpbdur:2 q:18.14 aq:12.21 tex:26233 mv:7121 misc:1406 imb:10 pmb:844 smb:2746 d:- ref:0 ;
in:613 out:615 type:b dur:2 cpbdur:2 q:18.15 aq:13.72 tex:9870 mv:4381 misc:1621 imb:10 pmb:578 smb:3012 d:- ref:0 ;
in:615 out:616 type:b dur:2 cpbdur:2 q:18.13 aq:13.99 tex:8723 mv:4024 misc:1613 imb:3 pmb:568 smb:3029 d:- ref:0 ;
in:620 out:617 type:P dur:2 cpbdur:2 q:18.11 aq:8.20 tex:199517 mv:7240 misc:667 imb:119 pmb:1057 smb:2424 d:- ref:0 ;
in:618 out:618 type:B dur:2 cpbdur:2 q:18.12 aq:11.32 tex:23559 mv:7113 misc:1480 imb:7 pmb:834 smb:2759 d:- ref:0 ;
in:617 out:619 type:b dur:2 cpbdur:2 q:18.12 aq:13.75 tex:9228 mv:4151 misc:1565 imb:5 pmb:567 smb:3028 d:- ref:0 ;
in:619 out:620 type:b dur:2 cpbdur:2 q:18.11 aq:14.22 tex:9173 mv:4280 misc:1643 imb:11 pmb:593 smb:2996 d:- ref:0 ;
in:624 out:621 type:P dur:2 cpbdur:2 q:18.11 aq:9.28 tex:195989 mv:7252 misc:735 imb:121 pmb:1050 smb:2429 d:- ref:0 ;
in:622 out:622 type:B dur:2 cpbdur:2 q:18.11 aq:11.20 tex:25364 mv:7154 misc:1378 imb:14 pmb:845 smb:2741 d:- ref:0 ;
in:621 out:623 type:b dur:2 cpbdur:2 q:18.11 aq:14.36 tex:10255 mv:4468 misc:1597 imb:6 pmb:597 smb:2997 d:- ref:0 ;
in:623 out:624 type:b dur:2 cpbdur:2 q:18.11 aq:13.84 tex:10537 mv:4311 misc:1584 imb:8 pmb:603 smb:2989 d:- ref:0 ;
in:628 out:625 type:P dur:2 cpbdur:2 q:18.08 aq:8.91 tex:170765 mv:7135 misc:764 imb:102 pmb:1034 smb:2464 d:- ref:0 ;
in:626 out:626 type:B dur:2 cpbdur:2 q:18.10 aq:11.00 tex:25374 mv:7190 misc:1396 imb:12 pmb:821 smb:2767 d:- ref:0 ;
in:625 out:627 type:b dur:2 cpbdur:2 q:18.10 aq:14.19 tex:10305 mv:4437 misc:1610 imb:13 pmb:589 smb:2998 d:- ref:0 ;
in:627 out:628 type:b dur:2 cpbdur:2 q:18.09 aq:13.92 tex:10059 mv:4734 misc:1591 imb:11 pmb:612 smb:2977 d:- ref:0 ;
in:632 out:629 type:P dur:2 cpbdur:2 q:18.05 aq:7.47 tex:245547 mv:7883 misc:626 imb:227 pmb:1003 smb:2370 d:- ref:0 ;
in:630 out:630 type:B dur:2 cpbdur:2 q:18.07 aq:12.07 tex:46165 mv:6990 misc:1205 imb:16 pmb:901 smb:2683 d:- ref:0 ;
in:629 out:631 type:b dur:2 cpbdur:2 q:18.08 aq:13.62 tex:19306 mv:5917 misc:1457 imb:42 pmb:745 smb:2813 d:- ref:0 ;
in:631 out:632 type:b dur:2 cpbdur:2 q:18.06 aq:13.91 tex:10864 mv:4301 misc:1579 imb:8 pmb:592 smb:3000 d:- ref:0 ;
in:636 out:633 type:P dur:2 cpbdur:2 q:18.07 aq:8.77 tex:190768 mv:7562 misc:734 imb:123 pmb:1051 smb:2426 d:- ref:0 ;
in:634 out:634 type:B dur:2 cpbdur:2 q:18.06 aq:12.12 tex:47564 mv:7498 misc:1170 imb:17 pmb:960 smb:2623 d:- ref:0 ;
in:633 out:635 type:b dur:2 cpbdur:2 q:18.06 aq:13.66 tex:10937 mv:4514 misc:1621 imb:10 pmb:583 smb:3007 d:- ref:0 ;
in:635 out:636 type:b dur:2 cpbdur:2 q:18.07 aq:13.40 tex:10803 mv:4241 misc:1604 imb:14 pmb:558 smb:3028 d:- ref:0 ;
in:640 out:637 type:P dur:2 cpbdur:2 q:18.02 aq:7.66 tex:194898 mv:7330 misc:732 imb:136 pmb:1038 smb:2426 d:- ref:0 ;
in:638 out:638 type:B dur:2 cpbdur:2 q:18.05 aq:12.42 tex:50101 mv:7628 misc:1031 imb:14 pmb:1003 smb:2583 d:- ref:0 ;
in:637 out:639 type:b dur:2 cpbdur:2 q:18.06 aq:14.33 tex:10945 mv:4693 misc:1594 imb:12 pmb:625 smb:2963 d:- ref:0 ;
in:639 out:640 type:b dur:2 cpbdur:2 q:18.04 aq:14.38 tex:10919 mv:4623 misc:1562 imb:14 pmb:603 smb:2983 d:- ref:0 ;
in:644 out:641 type:P dur:2 cpbdur:2 q:18.00 aq:8.37 tex:195129 mv:7594 misc:701 imb:146 pmb:1023 smb:2431 d:- ref:0 ;
in:642 out:642 type:B dur:2 cpbdur:2 q:18.01 aq:12.45 tex:50268 mv:7650 misc:1034 imb:20 pmb:984 smb:2596 d:- ref:0 ;
in:641 out:643 type:b dur:2 cpbdur:2 q:18.02 aq:14.00 tex:10443 mv:4814 misc:1559 imb:10 pmb:617 smb:2973 d:- ref:0 ;
in:643 out:644 type:b dur:2 cpbdur:2 q:18.01 aq:13.89 tex:11385 mv:4667 misc:1548 imb:10 pmb:614 smb:2976 d:- ref:0 ;
in:648 out:645 type:P dur:2 cpbdur:2 q:17.97 aq:8.95 tex:201841 mv:7483 misc:716 imb:142 pmb:1032 smb:2426 d:- ref:0 ;
in:646 out:646 type:B dur:2 cpbdur:2 q:17.99 aq:11.98 tex:49163 mv:7774 misc:1031 imb:21 pmb:981 smb:2598 d:- ref:0 ;
in:645 out:647 type:b dur:2 cpbdur:2 q:17.99 aq:13.70 tex:10219 mv:4777 misc:1596 imb:7 pmb:613 smb:2980 d:- ref:0 ;
in:647 out:648 type:b dur:2 cpbdur:2 q:17.98 aq:13.70 tex:11730 mv:4483 misc:1587 imb:16 pmb:600 smb:2984 d:- ref:0 ;
in:652 out:649 type:P dur:2 cpbdur:2 q:17.96 aq:8.94 tex:194864 mv:7439 misc:705 imb:130 pmb:1042 smb:2428 d:- ref:0 ;
in:650 out:650 type:B dur:2 cpbdur:2 q:17.97 aq:12.29 tex:47384 mv:7719 misc:1081 imb:15 pmb:992 smb:2593 d:- ref:0 ;
in:649 out:651 type:b dur:2 cpbdur:2 q:17.97 aq:13.42 tex:10945 mv:4641 misc:1558 imb:7 pmb:618 smb:2975 d:- ref:0 ;
in:651 out:652 type:b dur:2 cpbdur:2 q:17.96 aq:13.62 tex:12407 mv:4413 misc:1460 imb:7 pmb:612 smb:2981 d:- ref:0 ;
in:656 out:653 type:P dur:2 cpbdur:2 q:17.95 aq:8.04 tex:194943 mv:7490 misc:679 imb:131 pmb:1050 smb:2419 d:- ref:0 ;
in:654 out:654 type:B dur:2 cpbdur:2 q:17.96 aq:12.38 tex:49623 mv:7511 misc:1106 imb:12 pmb:991 smb:2597 d:- ref:0 ;
in:653 out:655 type:b dur:2 cpbdur:2 q:17.96 aq:13.77 tex:10648 mv:4996 misc:1548 imb:8 pmb:649 smb:2943 d:- ref:0 ;
in:655 out:656 type:b dur:2 cpbdur:2 q:17.95 aq:13.86 tex:12746 mv:4607 misc:1583 imb:12 pmb:635 smb:2953 d:- ref:0 ;
in:660 out:657 type:P dur:2 cpbdur:2 q:17.94 aq:8.20 tex:226298 mv:7873 misc:589 imb:228 pmb:962 smb:2410 d:- ref:0 ;
in:658 out:658 type:B dur:2 cpbdur:2 q:17.95 aq:12.24 tex:53994 mv:8048 misc:1030 imb:26 pmb:989 smb:2585 d:- ref:0 ;
in:657 out:659 type:b dur:2 cpbdur:2 q:17.95 aq:13.90 tex:11102 mv:4607 misc:1619 imb:8 pmb:623 smb:2969 d:- ref:0 ;
in:659 out:660 type:b dur:2 cpbdur:2 q:17.95 aq:13.77 tex:12921 mv:4915 misc:1612 imb:14 pmb:638 smb:2948 d:- ref:0 ;
in:664 out:661 type:P dur:2 cpbdur:2 q:17.97 aq:8.82 tex:186657 mv:7521 misc:670 imb:130 pmb:1046 smb:2424 d:- ref:0 ;
in:662 out:662 type:B dur:2 cpbdur:2 q:17.96 aq:12.54 tex:45042 mv:7248 misc:1134 imb:13 pmb:978 smb:2609 d:- ref:0 ;
in:661 out:663 type:b dur:2 cpbdur:2 q:17.95 aq:14.15 tex:11206 mv:4303 misc:1571 imb:5 pmb:567 smb:3028 d:- ref:0 ;
in:663 out:664 type:b dur:2 cpbdur:2 q:17.96 aq:13.36 tex:11530 mv:4312 misc:1558 imb:9 pmb:594 smb:2997 d:- ref:0 ;
in:668 out:665 type:P dur:2 cpbdur:2 q:17.96 aq:8.59 tex:196068 mv:7556 misc:648 imb:128 pmb:1056 smb:2416 d:- ref:0 ;
in:666 out:666 type:B dur:2 cpbdur:2 q:17.96 aq:12.10 tex:48733 mv:7583 misc:1060 imb:20 pmb:986 smb:2594 d:- ref:0 ;
in:665 out:667 type:b dur:2 cpbdur:2 q:17.97 aq:13.96 tex:11542 mv:5091 misc:1583 imb:11 pmb:646 smb:2943 d:- ref:0 ;
in:667 out:668 type:b dur:2 cpbdur:2 q:17.96 aq:13.67 tex:11767 mv:4335 misc:1642 imb:7 pmb:592 smb:3001 d:- ref:0 ;
in:672 out:669 type:P dur:2 cpbdur:2 q:17.95 aq:8.33 tex:195161 mv:7568 misc:655 imb:133 pmb:1041 smb:2426 d:- ref:0 ;
in:670 out:670 type:B dur:2 cpbdur:2 q:17.95 aq:11.91 tex:48553 mv:7879 misc:1080 imb:18 pmb:990 smb:2592 d:- ref:0 ;
in:669 out:671 type:b dur:2 cpbdur:2 q:17.96 aq:13.87 tex:11982 mv:4986 misc:1648 imb:15 pmb:629 smb:2956 d:- ref:0 ;
in:671 out:672 type:b dur:2 cpbdur:2 q:17.95 aq:14.31 tex:12670 mv:4860 misc:1574 imb:12 pmb:632 smb:2956 d:- ref:0 ;
in:676 out:673 type:P dur:2 cpbdur:2 q:17.96 aq:9.06 tex:198562 mv:7414 misc:688 imb:134 pmb:1039 smb:2427 d:- ref:0 ;
in:674 out:674 type:B dur:2 cpbdur:2 q:17.95 aq:11.77 tex:48878 mv:7582 misc:1076 imb:18 pmb:997 smb:2585 d:- ref:0 ;
in:673 out:675 type:b dur:2 cpbdur:2 q:17.95 aq:13.85 tex:12094 mv:4879 misc:1635 imb:14 pmb:635 smb:2951 d:- ref:0 ;
in:675 out:676 type:b dur:2 cpbdur:2 q:17.96 aq:13.31 tex:12991 mv:4734 misc:1563 imb:17 pmb:626 smb:2957 d:- ref:0 ;
in:680 out:677 type:P dur:2 cpbdur:2 q:17.94 aq:8.93 tex:197521 mv:7685 misc:618 imb:132 pmb:1059 smb:2409 d:- ref:0 ;
in:678 out:678 type:B dur:2 cpbdur:2 q:17.95 aq:11.87 tex:49183 mv:7988 misc:989 imb:17 pmb:1015 smb:2568 d:- ref:0 ;
in:677 out:679 type:b dur:2 cpbdur:2 q:17.96 aq:13.50 tex:11727 mv:4676 misc:1653 imb:9 pmb:624 smb:2967 d:- ref:0 ;
in:679 out:680 type:b dur:2 cpbdur:2 q:17.95 aq:13.26 tex:12549 mv:4582 misc:1597 imb:8 pmb:640 smb:2952 d:- ref:0 ;
in:684 out:681 type:P dur:2 cpbdur:2 q:17.93 aq:8.21 tex:201145 mv:7663 misc:640 imb:150 pmb:1039 smb:2411 d:- ref:0 ;
in:682 out:682 type:B dur:2 cpbdur:2 q:17.94 aq:11.63 tex:49244 mv:7864 misc:1044 imb:25 pmb:991 smb:2584 d:- ref:0 ;
in:681 out:683 type:b dur:2 cpbdur:2 q:17.94 aq:13.60 tex:11096 mv:4852 misc:1708 imb:7 pmb:640 smb:2953 d:- ref:0 ;
in:683 out:684 type:b dur:2 cpbdur:2 q:17.94 aq:13.86 tex:13075 mv:4987 misc:1594 imb:18 pmb:653 smb:2929 d:- ref:0 ;
in:688 out:685 type:P dur:2 cpbdur:2 q:17.93 aq:8.46 tex:198504 mv:7578 misc:638 imb:165 pmb:1021 smb:2414 d:- ref:0 ;
in:686 out:686 type:B dur:2 cpbdur:2 q:17.93 aq:11.73 tex:50959 mv:7207 misc:1122 imb:24 pmb:967 smb:2609 d:- ref:0 ;
in:685 out:687 type:b dur:2 cpbdur:2 q:17.93 aq:13.34 tex:11345 mv:5193 misc:1590 imb:10 pmb:658 smb:2932 d:- ref:0 ;
in:687 out:688 type:b dur:2 cpbdur:2 q:17.93 aq:12.69 tex:11272 mv:4874 misc:1662 imb:13 pmb:598 smb:2989 d:- ref:0 ;
in:692 out:689 type:P dur:2 cpbdur:2 q:17.89 aq:8.79 tex:200336 mv:7737 misc:591 imb:163 pmb:1027 smb:2410 d:- ref:0 ;
in:690 out:690 type:B dur:2 cpbdur:2 q:17.91 aq:11.86 tex:51761 mv:7807 misc:984 imb:17 pmb:1009 smb:2574 d:- ref:0 ;
in:689 out:691 type:b dur:2 cpbdur:2 q:17.92 aq:13.73 tex:11871 mv:4922 misc:1631 imb:5 pmb:635 smb:2960 d:- ref:0 ;
in:691 out:692 type:b dur:2 cpbdur:2 q:17.90 aq:13.33 tex:12401 mv:4448 misc:1615 imb:10 pmb:637 smb:2953 d:- ref:0 ;
in:696 out:693 type:P dur:2 cpbdur:2 q:17.89 aq:8.13 tex:228662 mv:7681 misc:633 imb:160 pmb:1023 smb:2417 d:- ref:0 ;
in:694 out:694 type:B dur:2 cpbdur:2 q:17.89 aq:10.80 tex:44686 mv:7421 misc:1125 imb:24 pmb:968 smb:2608 d:- ref:0 ;
in:693 out:695 type:b dur:2 cpbdur:2 q:17.89 aq:13.03 tex:11224 mv:4540 misc:1684 imb:11 pmb:603 smb:2986 d:- ref:0 ;
in:695 out:696 type:b dur:2 cpbdur:2 q:17.89 aq:12.91 tex:9431 mv:4373 misc:1652 imb:9 pmb:563 smb:3028 d:- ref:0 ;
in:700 out:697 type:P dur:2 cpbdur:2 q:17.89 aq:8.43 tex:216307 mv:7558 misc:663 imb:141 pmb:1031 smb:2428 d:- ref:0 ;
in:698 out:698 type:B dur:2 cpbdur:2 q:17.89 aq:11.81 tex:28252 mv:7321 misc:1499 imb:17 pmb:828 smb:2755 d:- ref:0 ;
in:697 out:699 type:b dur:2 cpbdur:2 q:17.89 aq:13.80 tex:11061 mv:4781 misc:1646 imb:15 pmb:613 smb:2972 d:- ref:0 ;
in:699 out:700 type:b dur:2 cpbdur:2 q:17.89 aq:13.22 tex:10641 mv:4509 misc:1706 imb:10 pmb:617 smb:2973 d:- ref:0 ;
in:704 out:701 type:P dur:2 cpbdur:2 q:17.91 aq:8.73 tex:214888 mv:7499 misc:637 imb:136 pmb:1039 smb:2425 d:- ref:0 ;
in:702 out:702 type:B dur:2 cpbdur:2 q:17.90 aq:10.40 tex:25623 mv:7048 misc:1401 imb:15 pmb:851 smb:2734 d:- ref:0 ;
in:701 out:703 type:b dur:2 cpbdur:2 q:17.90 aq:13.40 tex:10914 mv:4676 misc:1586 imb:17 pmb:627 smb:2956 d:- ref:0 ;
in:703 out:704 type:b dur:2 cpbdur:2 q:17.91 aq:13.66 tex:9336 mv:4641 misc:1655 imb:8 pmb:611 smb:2981 d:- ref:0 ;
in:708 out:705 type:P dur:2 cpbdur:2 q:17.91 aq:8.95 tex:210276 mv:7520 misc:660 imb:143 pmb:1034 smb:2423 d:- ref:0 ;
in:706 out:706 type:B dur:2 cpbdur:2 q:17.91 aq:12.20 tex:23756 mv:7065 misc:1555 imb:7 pmb:817 smb:2776 d:- ref:0 ;
in:705 out:707 type:b dur:2 cpbdur:2 q:17.91 aq:13.96 tex:10373 mv:4373 misc:1606 imb:12 pmb:584 smb:3004 d:- ref:0 ;
in:707 out:708 type:b dur:2 cpbdur:2 q:17.91 aq:13.81 tex:10815 mv:4252 misc:1621 imb:14 pmb:590 smb:2996 d:- ref:0 ;
in:712 out:709 type:P dur:2 cpbdur:2 q:17.91 aq:8.58 tex:209197 mv:7379 misc:680 imb:133 pmb:1034 smb:2433 d:- ref:0 ;
in:710 out:710 type:B dur:2 cpbdur:2 q:17.91 aq:12.13 tex:26063 mv:7554 misc:1407 imb:16 pmb:841 smb:2743 d:- ref:0 ;
in:709 out:711 type:b dur:2 cpbdur:2 q:17.91 aq:13.31 tex:11842 mv:4908 misc:1554 imb:11 pmb:656 smb:2933 d:- ref:0 ;
in:711 out:712 type:b dur:2 cpbdur:2 q:17.91 aq:13.99 tex:10859 mv:4520 misc:1605 imb:10 pmb:587 smb:3003 d:- ref:0 ;
in:716 out:713 type:P dur:2 cpbdur:2 q:17.95 aq:8.73 tex:196919 mv:7372 misc:677 imb:119 pmb:1053 smb:2428 d:- ref:0 ;
in:714 out:714 type:B dur:2 cpbdur:2 q:17.93 aq:11.82 tex:27893 mv:7251 misc:1432 imb:20 pmb:832 smb:2748 d:- ref:0 ;
in:713 out:715 type:b dur:2 cpbdur:2 q:17.92 aq:13.49 tex:12679 mv:4597 misc:1540 imb:11 pmb:641 smb:2948 d:- ref:0 ;
in:715 out:716 type:b dur:2 cpbdur:2 q:17.94 aq:13.69 tex:10474 mv:4333 misc:1617 imb:15 pmb:605 smb:2980 d:- ref:0 ;
in:720 out:717 type:P dur:2 cpbdur:2 q:17.92 aq:6.85 tex:322553 mv:7919 misc:608 imb:268 pmb:972 smb:2360 d:- ref:0 ;
in:718 out:718 type:B dur:2 cpbdur:2 q:17.93 aq:11.94 tex:42236 mv:7441 misc:1355 imb:33 pmb:899 smb:2668 d:- ref:0 ;
in:717 out:719 type:b dur:2 cpbdur:2 q:17.94 aq:14.09 tex:13201 mv:4823 misc:1616 imb:16 pmb:637 smb:2947 d:- ref:0 ;
in:719 out:720 type:b dur:2 cpbdur:2 q:17.92 aq:13.81 tex:22289 mv:5396 misc:1411 imb:24 pmb:794 smb:2782 d:- ref:0 ;
in:724 out:721 type:P dur:2 cpbdur:2 q:17.93 aq:9.02 tex:188959 mv:7013 misc:692 imb:98 pmb:1063 smb:2439 d:- ref:0 ;
in:722 out:722 type:B dur:2 cpbdur:2 q:17.93 aq:12.66 tex:19703 mv:6173 misc:1628 imb:9 pmb:720 smb:2871 d:- ref:0 ;
in:721 out:723 type:b dur:2 cpbdur:2 q:17.92 aq:13.19 tex:8217 mv:3841 misc:1590 imb:2 pmb:562 smb:3036 d:- ref:0 ;
in:723 out:724 type:b dur:2 cpbdur:2 q:17.93 aq:13.14 tex:9986 mv:4471 misc:1575 imb:9 pmb:595 smb:2996 d:- ref:0 ;
in:728 out:725 type:P dur:2 cpbdur:2 q:17.92 aq:8.66 tex:205593 mv:7247 misc:680 imb:108 pmb:1051 smb:2441 d:- ref:0 ;
in:726 out:726 type:B dur:2 cpbdur:2 q:17.93 aq:12.32 tex:25612 mv:7124 misc:1536 imb:13 pmb:797 smb:2790 d:- ref:0 ;
in:725 out:727 type:b dur:2 cpbdur:2 q:17.93 aq:13.72 tex:10532 mv:4566 misc:1590 imb:10 pmb:569 smb:3021 d:- ref:0 ;
in:727 out:728 type:b dur:2 cpbdur:2 q:17.92 aq:13.33 tex:9691 mv:4556 misc:1633 imb:10 pmb:585 smb:3005 d:- ref:0 ;
in:732 out:729 type:P dur:2 cpbdur:2 q:17.88 aq:8.88 tex:215399 mv:7009 misc:704 imb:134 pmb:1031 smb:2435 d:- ref:0 ;
in:730 out:730 type:B dur:2 cpbdur:2 q:17.90 aq:12.28 tex:26034 mv:7277 misc:1433 imb:11 pmb:827 smb:2762 d:- ref:0 ;
in:729 out:731 type:b dur:2 cpbdur:2 q:17.91 aq:12.74 tex:11036 mv:4580 misc:1624 imb:16 pmb:583 smb:3001 d:- ref:0 ;
in:731 out:732 type:b dur:2 cpbdur:2 q:17.89 aq:13.17 tex:10727 mv:4585 misc:1584 imb:17 pmb:587 smb:2996 d:- ref:0 ;
in:736 out:733 type:P dur:2 cpbdur:2 q:17.87 aq:8.89 tex:219603 mv:7306 misc:667 imb:121 pmb:1048 smb:2431 d:- ref:0 ;
in:734 out:734 type:B dur:2 cpbdur:2 q:17.88 aq:11.75 tex:26553 mv:7332 misc:1403 imb:9 pmb:831 smb:2760 d:- ref:0 ;
in:733 out:735 type:b dur:2 cpbdur:2 q:17.88 aq:13.48 tex:12445 mv:4476 misc:1583 imb:12 pmb:586 smb:3002 d:- ref:0 ;
in:735 out:736 type:b dur:2 cpbdur:2 q:17.87 aq:13.05 tex:9838 mv:4319 misc:1611 imb:9 pmb:595 smb:2996 d:- ref:0 ;
in:740 out:737 type:P dur:2 cpbdur:2 q:17.91 aq:8.21 tex:219440 mv:7238 misc:634 imb:121 pmb:1054 smb:2425 d:- ref:0 ;
in:738 out:738 type:B dur:2 cpbdur:2 q:17.89 aq:11.79 tex:27202 mv:7156 misc:1394 imb:20 pmb:806 smb:2774 d:- ref:0 ;
in:737 out:739 type:b dur:2 cpbdur:2 q:17.88 aq:12.64 tex:13266 mv:4368 misc:1574 imb:15 pmb:578 smb:3007 d:- ref:0 ;
in:739 out:740 type:b dur:2 cpbdur:2 q:17.90 aq:12.92 tex:10650 mv:4361 misc:1613 imb:10 pmb:600 smb:2990 d:- ref:0 ;
in:744 out:741 type:P dur:2 cpbdur:2 q:17.92 aq:8.82 tex:221852 mv:7037 misc:639 imb:106 pmb:1067 smb:2427 d:- ref:0 ;
in:742 out:742 type:B dur:2 cpbdur:2 q:17.92 aq:11.87 tex:23589 mv:6906 misc:1561 imb:2 pmb:800 smb:2798 d:- ref:0 ;
in:741 out:743 type:b dur:2 cpbdur:2 q:17.91 aq:12.83 tex:11545 mv:4693 misc:1586 imb:16 pmb:596 smb:2988 d:- ref:0 ;
in:743 out:744 type:b dur:2 cpbdur:2 q:17.92 aq:13.79 tex:10112 mv:4130 misc:1646 imb:9 pmb:578 smb:3013 d:- ref:0 ;
in:748 out:745 type:P dur:2 cpbdur:2 q:17.92 aq:8.24 tex:216746 mv:7154 misc:668 imb:113 pmb:1065 smb:2422 d:- ref:0 ;
in:746 out:746 type:B dur:2 cpbdur:2 q:17.92 aq:12.11 tex:27484 mv:7368 misc:1380 imb:9 pmb:855 smb:2736 d:- ref:0 ;
in:745 out:747 type:b dur:2 cpbdur:2 q:17.92 aq:13.21 tex:11946 mv:4215 misc:1535 imb:8 pmb:560 smb:3032 d:- ref:0 ;
in:747 out:748 type:b dur:2 cpbdur:2 q:17.92 aq:13.72 tex:11117 mv:4086 misc:1629 imb:9 pmb:580 smb:3011 d:- ref:0 ;
in:749 out:749 type:P dur:2 cpbdur:2 q:17.91 aq:12.02 tex:20757 mv:3600 misc:1547 imb:42 pmb:658 smb:2900 d:- ref:0 ;
in:750 out:750 type:I dur:2 cpbdur:2 q:15.00 aq:2.30 tex:620107 mv:52250 misc:179 imb:3600 pmb:0 smb:0 d:- ref:;
in:754 out:751 type:P dur:2 cpbdur:2 q:18.20 aq:9.56 tex:157438 mv:7045 misc:741 imb:100 pmb:1047 smb:2453 d:- ref:0 ;
in:752 out:752 type:B dur:2 cpbdur:2 q:18.20 aq:11.90 tex:33208 mv:6644 misc:1276 imb:9 pmb:863 smb:2728 d:- ref:0 ;
in:751 out:753 type:b dur:2 cpbdur:2 q:18.20 aq:13.61 tex:7962 mv:3490 misc:1452 imb:3 pmb:454 smb:3143 d:- ref:0 ;
in:753 out:754 type:b dur:2 cpbdur:2 q:18.20 aq:13.89 tex:11476 mv:4401 misc:1523 imb:9 pmb:553 smb:3038 d:- ref:0 ;
in:758 out:755 type:P dur:2 cpbdur:2 q:18.18 aq:9.14 tex:200713 mv:7037 misc:626 imb:103 pmb:1070 smb:2427 d:- ref:0 ;
in:756 out:756 type:B dur:2 cpbdur:2 q:18.19 aq:11.92 tex:49235 mv:7382 misc:1055 imb:13 pmb:972 smb:2615 d:- ref:0 ;
in:755 out:757 type:b dur:2 cpbdur:2 q:18.20 aq:13.61 tex:11922 mv:4021 misc:1569 imb:7 pmb:584 smb:3009 d:- ref:0 ;
in:757 out:758 type:b dur:2 cpbdur:2 q:18.18 aq:13.63 tex:12261 mv:4343 misc:1556 imb:10 pmb:569 smb:3021 d:- ref:0 ;
in:762 out:759 type:P dur:2 cpbdur:2 q:18.15 aq:8.83 tex:202823 mv:7206 misc:667 imb:109 pmb:1061 smb:2430 d:- ref:0 ;
in:760 out:760 type:B dur:2 cpbdur:2 q:18.16 aq:12.18 tex:51221 mv:7325 misc:1006 imb:7 pmb:989 smb:2604 d:- ref:0 ;
in:759 out:761 type:b dur:2 cpbdur:2 q:18.17 aq:13.35 tex:13068 mv:4509 misc:1559 imb:9 pmb:600 smb:2991 d:- ref:0 ;
in:761 out:762 type:b dur:2 cpbdur:2 q:18.16 aq:13.20 tex:13490 mv:4331 misc:1499 imb:11 pmb:577 smb:3012 d:- ref:0 ;
in:766 out:763 type:P dur:2 cpbdur:2 q:18.16 aq:8.81 tex:213754 mv:7215 misc:607 imb:97 pmb:1079 smb:2424 d:- ref:0 ;
in:764 out:764 type:B dur:2 cpbdur:2 q:18.16 aq:12.40 tex:54487 mv:7519 misc:986 imb:22 pmb:1002 smb:2576 d:- ref:0 ;
in:763 out:765 type:b dur:2 cpbdur:2 q:18.15 aq:13.42 tex:15718 mv:4637 misc:1613 imb:11 pmb:661 smb:2928 d:- ref:0 ;
in:765 out:766 type:b dur:2 cpbdur:2 q:18.16 aq:13.61 tex:13371 mv:4190 misc:1583 imb:9 pmb:600 smb:2991 d:- ref:0 ;
in:770 out:767 type:P dur:2 cpbdur:2 q:18.09 aq:8.95 tex:216411 mv:7233 misc:588 imb:112 pmb:1070 smb:2418 d:- ref:0 ;
in:768 out:768 type:B dur:2 cpbdur:2 q:18.13 aq:12.15 tex:52136 mv:7376 misc:1040 imb:11 pmb:989 smb:2600 d:- ref:0 ;
in:767 out:769 type:b dur:2 cpbdur:2 q:18.14 aq:13.51 tex:12232 mv:4200 misc:1512 imb:2 pmb:605 smb:2993 d:- ref:0 ;
in:769 out:770 type:b dur:2 cpbdur:2 q:18.11 aq:13.06 tex:14158 mv:4434 misc:1536 imb:5 pmb:637 smb:2958 d:- ref:0 ;
in:774 out:771 type:P dur:2 cpbdur:2 q:18.07 aq:8.79 tex:219386 mv:7101 misc:625 imb:116 pmb:1063 smb:2421 d:- ref:0 ;
in:772 out:772 type:B dur:2 cpbdur:2 q:18.08 aq:12.08 tex:55956 mv:7406 misc:950 imb:16 pmb:997 smb:2587 d:- ref:0 ;
in:771 out:773 type:b dur:2 cpbdur:2 q:18.09 aq:13.28 tex:14240 mv:4548 misc:1516 imb:5 pmb:642 smb:2953 d:- ref:0 ;
in:773 out:774 type:b dur:2 cpbdur:2 q:18.08 aq:13.08 tex:14729 mv:4475 misc:1572 imb:4 pmb:656 smb:2940 d:- ref:0 ;
in:778 out:775 type:P dur:2 cpbdur:2 q:18.05 aq:8.96 tex:218931 mv:7023 misc:678 imb:119 pmb:1058 smb:2423 d:- ref:0 ;
in:776 out:776 type:B dur:2 cpbdur:2 q:18.06 aq:12.68 tex:52249 mv:7085 misc:1010 imb:10 pmb:999 smb:2591 d:- ref:0 ;
in:775 out:777 type:b dur:2 cpbdur:2 q:18.07 aq:13.30 tex:15766 mv:4458 misc:1584 imb:1 pmb:668 smb:2931 d:- ref:0 ;
in:777 out:778 type:b dur:2 cpbdur:2 q:18.05 aq:13.19 tex:15116 mv:4378 misc:1586 imb:5 pmb:627 smb:2968 d:- ref:0 ;
in:782 out:779 type:P dur:2 cpbdur:2 q:18.01 aq:8.21 tex:238412 mv:7171 misc:617 imb:145 pmb:1048 smb:2407 d:- ref:0 ;
in:780 out:780 type:B dur:2 cpbdur:2 q:18.03 aq:11.58 tex:61176 mv:7926 misc:874 imb:19 pmb:1038 smb:2543 d:- ref:0 ;
in:779 out:781 type:b dur:2 cpbdur:2 q:18.04 aq:13.24 tex:15259 mv:4718 misc:1647 imb:0 pmb:672 smb:2928 d:- ref:0 ;
in:781 out:782 type:b dur:2 cpbdur:2 q:18.02 aq:13.13 tex:13972 mv:4220 misc:1544 imb:3 pmb:614 smb:2983 d:- ref:0 ;
in:786 out:783 type:P dur:2 cpbdur:2 q:18.02 aq:8.45 tex:225468 mv:7104 misc:620 imb:100 pmb:1091 smb:2409 d:- ref:0 ;
in:784 out:784 type:B dur:2 cpbdur:2 q:18.02 aq:12.02 tex:57120 mv:7528 misc:936 imb:14 pmb:1019 smb:2567 d:- ref:0 ;
in:783 out:785 type:b dur:2 cpbdur:2 q:18.01 aq:12.87 tex:12931 mv:4310 misc:1583 imb:4 pmb:631 smb:2965 d:- ref:0 ;
in:785 out:786 type:b dur:2 cpbdur:2 q:18.02 aq:13.22 tex:15048 mv:4418 misc:1598 imb:5 pmb:649 smb:2946 d:- ref:0 ;
in:790 out:787 type:P dur:2 cpbdur:2 q:18.05 aq:8.32 tex:257763 mv:6919 misc:614 imb:98 pmb:1091 smb:2411 d:- ref:0 ;
in:788 out:788 type:B dur:2 cpbdur:2 q:18.03 aq:11.77 tex:50218 mv:7220 misc:1074 imb:14 pmb:981 smb:2605 d:- ref:0 ;
in:787 out:789 type:b dur:2 cpbdur:2 q:18.03 aq:13.48 tex:13787 mv:4629 misc:1608 imb:4 pmb:657 smb:2939 d:- ref:0 ;
in:789 out:790 type:b dur:2 cpbdur:2 q:18.04 aq:13.24 tex:9193 mv:3831 misc:1616 imb:4 pmb:525 smb:3071 d:- ref:0 ;
in:794 out:791 type:P dur:2 cpbdur:2 q:18.10 aq:8.63 tex:230069 mv:6844 misc:639 imb:80 pmb:1095 smb:2425 d:- ref:0 ;
in:792 out:792 type:B dur:2 cpbdur:2 q:18.07 aq:12.11 tex:27000 mv:7121 misc:1367 imb:7 pmb:838 smb:2755 d:- ref:0 ;
in:791 out:793 type:b dur:2 cpbdur:2 q:18.06 aq:13.25 tex:12496 mv:4038 misc:1530 imb:5 pmb:594 smb:3001 d:- ref:0 ;
in:793 out:794 type:b dur:2 cpbdur:2 q:18.09 aq:13.76 tex:11997 mv:3890 misc:1593 imb:6 pmb:582 smb:3012 d:- ref:0 ;
in:798 out:795 type:P dur:2 cpbdur:2 q:18.13 aq:8.23 tex:231767 mv:6948 misc:605 imb:75 pmb:1102 smb:2423 d:- ref:0 ;
in:796 out:796 type:B dur:2 cpbdur:2 q:18.11 aq:11.51 tex:26971 mv:6865 misc:1460 imb:14 pmb:818 smb:2768 d:- ref:0 ;
in:795 out:797 type:b dur:2 cpbdur:2 q:18.11 aq:12.60 tex:11730 mv:3928 misc:1526 imb:6 pmb:555 smb:3039 d:- ref:0 ;
in:797 out:798 type:b dur:2 cpbdur:2 q:18.12 aq:13.39 tex:12312 mv:4163 misc:1517 imb:3 pmb:599 smb:2998 d:- ref:0 ;
in:802 out:799 type:P dur:2 cpbdur:2 q:18.16 aq:8.65 tex:232554 mv:6918 misc:632 imb:101 pmb:1077 smb:2422 d:- ref:0 ;
in:800 out:800 type:B dur:2 cpbdur:2 q:18.14 aq:11.58 tex:27537 mv:6755 misc:1436 imb:9 pmb:842 smb:2749 d:- ref:0 ;
in:799 out:801 type:b dur:2 cpbdur:2 q:18.14 aq:13.63 tex:12621 mv:4265 misc:1570 imb:8 pmb:597 smb:2995 d:- ref:0 ;
in:801 out:802 type:b dur:2 cpbdur:2 q:18.15 aq:13.35 tex:10614 mv:3799 misc:1595 imb:3 pmb:559 smb:3038 d:- ref:0 ;
in:806 out:803 type:P dur:2 cpbdur:2 q:18.20 aq:9.34 tex:226060 mv:6688 misc:652 imb:73 pmb:1100 smb:2427 d:- ref:0 ;
in:804 out:804 type:B dur:2 cpbdur:2 q:18.18 aq:11.56 tex:24391 mv:6358 misc:1491 imb:6 pmb:794 smb:2800 d:- ref:0 ;
in:803 out:805 type:b dur:2 cpbdur:2 q:18.17 aq:13.71 tex:11807 mv:3988 misc:1597 imb:5 pmb:593 smb:3002 d:- ref:0 ;
in:805 out:806 type:b dur:2 cpbdur:2 q:18.19 aq:13.56 tex:11818 mv:4142 misc:1616 imb:2 pmb:619 smb:2979 d:- ref:0 ;
in:810 out:807 type:P dur:2 cpbdur:2 q:18.21 aq:7.94 tex:307134 mv:7009 misc:625 imb:141 pmb:1089 smb:2370 d:- ref:0 ;
in:808 out:808 type:B dur:2 cpbdur:2 q:18.20 aq:11.69 tex:37681 mv:6363 misc:1332 imb:13 pmb:881 smb:2706 d:- ref:0 ;
in:807 out:809 type:b dur:2 cpbdur:2 q:18.20 aq:13.40 tex:12488 mv:4155 misc:1597 imb:3 pmb:633 smb:2964 d:- ref:0 ;
in:809 out:810 type:b dur:2 cpbdur:2 q:18.21 aq:13.44 tex:20391 mv:4503 misc:1570 imb:13 pmb:749 smb:2838 d:- ref:0 ;
in:814 out:811 type:P dur:2 cpbdur:2 q:18.23 aq:9.06 tex:212965 mv:6641 misc:674 imb:57 pmb:1109 smb:2434 d:- ref:0 ;
in:812 out:812 type:B dur:2 cpbdur:2 q:18.22 aq:12.01 tex:22777 mv:6273 misc:1590 imb:5 pmb:769 smb:2826 d:- ref:0 ;
in:811 out:813 type:b dur:2 cpbdur:2 q:18.21 aq:13.66 tex:8572 mv:3691 misc:1609 imb:3 pmb:535 smb:3062 d:- ref:0 ;
in:813 out:814 type:b dur:2 cpbdur:2 q:18.22 aq:13.81 tex:11125 mv:4133 misc:1590 imb:0 pmb:619 smb:2981 d:- ref:0 ;
in:818 out:815 type:P dur:2 cpbdur:2 q:18.23 aq:8.40 tex:229307 mv:6709 misc:656 imb:75 pmb:1100 smb:2425 d:- ref:0 ;
in:816 out:816 type:B dur:2 cpbdur:2 q:18.23 aq:12.06 tex:25333 mv:6481 misc:1450 imb:6 pmb:816 smb:2778 d:- ref:0 ;
in:815 out:817 type:b dur:2 cpbdur:2 q:18.23 aq:14.10 tex:10869 mv:3698 misc:1585 imb:5 pmb:549 smb:3046 d:- ref:0 ;
in:817 out:818 type:b dur:2 cpbdur:2 q:18.23 aq:13.42 tex:10103 mv:4111 misc:1514 imb:4 pmb:570 smb:3026 d:- ref:0 ;
in:822 out:819 type:P dur:2 cpbdur:2 q:18.22 aq:8.73 tex:233961 mv:6678 misc:625 imb:72 pmb:1103 smb:2425 d:- ref:0 ;
in:820 out:820 type:B dur:2 cpbdur:2 q:18.22 aq:11.83 tex:25930 mv:6464 misc:1518 imb:8 pmb:818 smb:2774 d:- ref:0 ;
in:819 out:821 type:b dur:2 cpbdur:2 q:18.23 aq:13.68 tex:12792 mv:4024 misc:1544 imb:5 pmb:581 smb:3014 d:- ref:0 ;
in:821 out:822 type:b dur:2 cpbdur:2 q:18.22 aq:13.44 tex:11532 mv:4105 misc:1611 imb:6 pmb:591 smb:3003 d:- ref:0 ;
in:826 out:823 type:P dur:2 cpbdur:2 q:18.22 aq:9.00 tex:231430 mv:6738 misc:624 imb:70 pmb:1097 smb:2433 d:- ref:0 ;
in:824 out:824 type:B dur:2 cpbdur:2 q:18.22 aq:12.18 tex:25070 mv:6445 misc:1549 imb:3 pmb:806 smb:2791 d:- ref:0 ;
in:823 out:825 type:b dur:2 cpbdur:2 q:18.22 aq:13.48 tex:12829 mv:3944 misc:1547 imb:3 pmb:588 smb:3009 d:- ref:0 ;
in:825 out:826 type:b dur:2 cpbdur:2 q:18.22 aq:13.74 tex:10634 mv:3793 misc:1573 imb:5 pmb:588 smb:3007 d:- ref:0 ;
in:830 out:827 type:P dur:2 cpbdur:2 q:18.25 aq:8.83 tex:243142 mv:6653 misc:605 imb:70 pmb:1105 smb:2425 d:- ref:0 ;
in:828 out:828 type:B dur:2 cpbdur:2 q:18.24 aq:12.35 tex:27196 mv:6971 misc:1417 imb:6 pmb:859 smb:2735 d:- ref:0 ;
in:827 out:829 type:b dur:2 cpbdur:2 q:18.23 aq:13.54 tex:12477 mv:3991 misc:1532 imb:5 pmb:588 smb:3007 d:- ref:0 ;
in:829 out:830 type:b dur:2 cpbdur:2 q:18.24 aq:13.31 tex:10738 mv:3931 misc:1587 imb:3 pmb:573 smb:3024 d:- ref:0 ;
in:834 out:831 type:P dur:2 cpbdur:2 q:18.27 aq:9.22 tex:236447 mv:6686 misc:611 imb:78 pmb:1096 smb:2426 d:- ref:0 ;
in:832 out:832 type:B dur:2 cpbdur:2 q:18.26 aq:12.39 tex:26226 mv:6696 misc:1470 imb:8 pmb:829 smb:2763 d:- ref:0 ;
in:831 out:833 type:b dur:2 cpbdur:2 q:18.26 aq:13.50 tex:12774 mv:3764 misc:1494 imb:2 pmb:571 smb:3027 d:- ref:0 ;
in:833 out:834 type:b dur:2 cpbdur:2 q:18.27 aq:13.85 tex:10213 mv:3922 misc:1593 imb:2 pmb:565 smb:3033 d:- ref:0 ;
in:838 out:835 type:P dur:2 cpbdur:2 q:18.28 aq:7.79 tex:240654 mv:6708 misc:622 imb:75 pmb:1100 smb:2425 d:- ref:0 ;
in:836 out:836 type:B dur:2 cpbdur:2 q:18.27 aq:12.01 tex:25674 mv:6731 misc:1491 imb:5 pmb:827 smb:2768 d:- ref:0 ;
in:835 out:837 type:b dur:2 cpbdur:2 q:18.27 aq:13.66 tex:12223 mv:4089 misc:1576 imb:8 pmb:565 smb:3027 d:- ref:0 ;
in:837 out:838 type:b dur:2 cpbdur:2 q:18.27 aq:13.71 tex:9874 mv:3797 misc:1609 imb:2 pmb:551 smb:3047 d:- ref:0 ;
in:842 out:839 type:P dur:2 cpbdur:2 q:18.28 aq:7.65 tex:253568 mv:6942 misc:602 imb:94 pmb:1098 smb:2408 d:- ref:0 ;
in:840 out:840 type:B dur:2 cpbdur:2 q:18.28 aq:12.40 tex:26536 mv:7097 misc:1335 imb:9 pmb:898 smb:2693 d:- ref:0 ;
in:839 out:841 type:b dur:2 cpbdur:2 q:18.28 aq:13.84 tex:11204 mv:4403 misc:1593 imb:3 pmb:604 smb:2993 d:- ref:0 ;
in:841 out:842 type:b dur:2 cpbdur:2 q:18.28 aq:13.83 tex:9142 mv:3874 misc:1576 imb:0 pmb:541 smb:3059 d:- ref:0 ;
in:846 out:843 type:P dur:2 cpbdur:2 q:18.30 aq:7.80 tex:239884 mv:6751 misc:597 imb:91 pmb:1091 smb:2418 d:- ref:0 ;
in:844 out:844 type:B dur:2 cpbdur:2 q:18.29 aq:12.41 tex:24865 mv:6743 misc:1456 imb:3 pmb:841 smb:2756 d:- ref:0 ;
in:843 out:845 type:b dur:2 cpbdur:2 q:18.28 aq:13.33 tex:11214 mv:4068 misc:1558 imb:4 pmb:573 smb:3023 d:- ref:0 ;
in:845 out:846 type:b dur:2 cpbdur:2 q:18.30 aq:14.02 tex:9295 mv:3857 misc:1584 imb:1 pmb:567 smb:3032 d:- ref:0 ;
in:850 out:847 type:P dur:2 cpbdur:2 q:18.28 aq:8.65 tex:246087 mv:6697 misc:632 imb:78 pmb:1102 smb:2420 d:- ref:0 ;
in:848 out:848 type:B dur:2 cpbdur:2 q:18.29 aq:12.49 tex:24955 mv:6724 misc:1481 imb:3 pmb:809 smb:2788 d:- ref:0 ;
in:847 out:849 type:b dur:2 cpbdur:2 q:18.30 aq:13.64 tex:10251 mv:4039 misc:1550 imb:5 pmb:567 smb:3028 d:- ref:0 ;
in:849 out:850 type:b dur:2 cpbdur:2 q:18.29 aq:13.68 tex:10616 mv:3979 misc:1573 imb:5 pmb:580 smb:3015 d:- ref:0 ;
in:854 out:851 type:P dur:2 cpbdur:2 q:18.28 aq:8.61 tex:235202 mv:6713 misc:613 imb:75 pmb:1108 smb:2417 d:- ref:0 ;
in:852 out:852 type:B dur:2 cpbdur:2 q:18.28 aq:12.75 tex:24485 mv:6647 misc:1452 imb:8 pmb:802 smb:2790 d:- ref:0 ;
in:851 out:853 type:b dur:2 cpbdur:2 q:18.28 aq:14.39 tex:11519 mv:3946 misc:1535 imb:5 pmb:567 smb:3028 d:- ref:0 ;
in:853 out:854 type:b dur:2 cpbdur:2 q:18.28 aq:13.87 tex:10736 mv:4070 misc:1610 imb:1 pmb:604 smb:2995 d:- ref:0 ;
in:858 out:855 type:P dur:2 cpbdur:2 q:18.29 aq:8.57 tex:248728 mv:6759 misc:569 imb:92 pmb:1094 smb:2414 d:- ref:0 ;
in:856 out:856 type:B dur:2 cpbdur:2 q:18.29 aq:12.74 tex:50399 mv:7304 misc:1017 imb:10 pmb:1009 smb:2581 d:- ref:0 ;
in:855 out:857 type:b dur:2 cpbdur:2 q:18.28 aq:14.01 tex:12244 mv:4392 misc:1628 imb:2 pmb:639 smb:2959 d:- ref:0 ;
in:857 out:858 type:b dur:2 cpbdur:2 q:18.29 aq:13.54 tex:12887 mv:4140 misc:1541 imb:1 pmb:596 smb:3003 d:- ref:0 ;
in:862 out:859 type:P dur:2 cpbdur:2 q:18.28 aq:8.23 tex:235484 mv:6957 misc:591 imb:70 pmb:1127 smb:2403 d:- ref:0 ;
in:860 out:860 type:B dur:2 cpbdur:2 q:18.28 aq:12.15 tex:53638 mv:7059 misc:983 imb:6 pmb:1022 smb:2572 d:- ref:0 ;
in:859 out:861 type:b dur:2 cpbdur:2 q:18.28 aq:13.99 tex:11903 mv:4296 misc:1585 imb:4 pmb:598 smb:2998 d:- ref:0 ;
in:861 out:862 type:b dur:2 cpbdur:2 q:18.28 aq:14.01 tex:11893 mv:4492 misc:1543 imb:11 pmb:615 smb:2974 d:- ref:0 ;
in:866 out:863 type:P dur:2 cpbdur:2 q:18.29 aq:8.35 tex:239748 mv:7019 misc:593 imb:77 pmb:1107 smb:2416 d:- ref:0 ;
in:864 out:864 type:B dur:2 cpbdur:2 q:18.28 aq:11.39 tex:56016 mv:7231 misc:985 imb:10 pmb:1007 smb:2583 d:- ref:0 ;
in:863 out:865 type:b dur:2 cpbdur:2 q:18.28 aq:14.07 tex:11585 mv:4313 misc:1558 imb:1 pmb:631 smb:2968 d:- ref:0 ;
in:865 out:866 type:b dur:2 cpbdur:2 q:18.28 aq:14.22 tex:13198 mv:3854 misc:1524 imb:2 pmb:579 smb:3019 d:- ref:0 ;
in:870 out:867 type:P dur:2 cpbdur:2 q:18.29 aq:7.72 tex:243799 mv:6877 misc:596 imb:94 pmb:1084 smb:2422 d:- ref:0 ;
in:868 out:868 type:B dur:2 cpbdur:2 q:18.29 aq:12.40 tex:55538 mv:7265 misc:869 imb:11 pmb:1016 smb:2573 d:- ref:0 ;
in:867 out:869 type:b dur:2 cpbdur:2 q:18.29 aq:14.19 tex:12516 mv:4060 misc:1632 imb:3 pmb:606 smb:2991 d:- ref:0 ;
in:869 out:870 type:b dur:2 cpbdur:2 q:18.29 aq:14.23 tex:12720 mv:4135 misc:1481 imb:6 pmb:581 smb:3013 d:- ref:0 ;
in:874 out:871 type:P dur:2 cpbdur:2 q:18.32 aq:8.95 tex:234911 mv:6812 misc:597 imb:71 pmb:1114 smb:2415 d:- ref:0 ;
in:872 out:872 type:B dur:2 cpbdur:2 q:18.31 aq:12.09 tex:55981 mv:7094 misc:981 imb:7 pmb:1020 smb:2573 d:- ref:0 ;
in:871 out:873 type:b dur:2 cpbdur:2 q:18.30 aq:14.27 tex:12533 mv:3996 misc:1559 imb:2 pmb:593 smb:3005 d:- ref:0 ;
in:873 out:874 type:b dur:2 cpbdur:2 q:18.31 aq:14.15 tex:12882 mv:4212 misc:1530 imb:6 pmb:610 smb:2984 d:- ref:0 ;
in:878 out:875 type:P dur:2 cpbdur:2 q:18.33 aq:8.89 tex:234778 mv:6855 misc:591 imb:65 pmb:1115 smb:2420 d:- ref:0 ;
in:876 out:876 type:B dur:2 cpbdur:2 q:18.33 aq:12.58 tex:54968 mv:7212 misc:932 imb:7 pmb:1036 smb:2557 d:- ref:0 ;
in:875 out:877 type:b dur:2 cpbdur:2 q:18.32 aq:14.26 tex:12604 mv:4029 misc:1599 imb:4 pmb:588 smb:3008 d:- ref:0 ;
in:877 out:878 type:b dur:2 cpbdur:2 q:18.33 aq:14.12 tex:12562 mv:4086 misc:1552 imb:7 pmb:599 smb:2994 d:- ref:0 ;
in:882 out:879 type:P dur:2 cpbdur:2 q:18.35 aq:8.96 tex:225749 mv:6625 misc:586 imb:64 pmb:1115 smb:2421 d:- ref:0 ;
in:880 out:880 type:B dur:2 cpbdur:2 q:18.34 aq:12.70 tex:56358 mv:7528 misc:882 imb:12 pmb:1040 smb:2548 d:- ref:0 ;
in:879 out:881 type:b dur:2 cpbdur:2 q:18.34 aq:14.29 tex:12865 mv:4199 misc:1600 imb:2 pmb:632 smb:2966 d:- ref:0 ;
in:881 out:882 type:b dur:2 cpbdur:2 q:18.35 aq:14.61 tex:11619 mv:3693 misc:1528 imb:2 pmb:562 smb:3036 d:- ref:0 ;
in:886 out:883 type:P dur:2 cpbdur:2 q:18.38 aq:9.29 tex:214371 mv:6736 misc:597 imb:66 pmb:1101 smb:2433 d:- ref:0 ;
in:884 out:884 type:B dur:2 cpbdur:2 q:18.36 aq:12.54 tex:57483 mv:7553 misc:940 imb:8 pmb:1025 smb:2567 d:- ref:0 ;
in:883 out:885 type:b dur:2 cpbdur:2 q:18.36 aq:14.37 tex:12007 mv:4177 misc:1512 imb:0 pmb:605 smb:2995 d:- ref:0 ;
in:885 out:886 type:b dur:2 cpbdur:2 q:18.37 aq:14.41 tex:11376 mv:3974 misc:1490 imb:5 pmb:577 smb:3018 d:- ref:0 ;
in:890 out:887 type:P dur:2 cpbdur:2 q:18.37 aq:9.82 tex:198029 mv:6725 misc:606 imb:57 pmb:1113 smb:2430 d:- ref:0 ;
in:888 out:888 type:B dur:2 cpbdur:2 q:18.37 aq:13.33 tex:56735 mv:7419 misc:966 imb:7 pmb:1036 smb:2557 d:- ref:0 ;
in:887 out:889 type:b dur:2 cpbdur:2 q:18.38 aq:14.32 tex:12781 mv:4136 misc:1595 imb:4 pmb:601 smb:2995 d:- ref:0 ;
in:889 out:890 type:b dur:2 cpbdur:2 q:18.37 aq:14.02 tex:11432 mv:3938 misc:1526 imb:4 pmb:555 smb:3041 d:- ref:0 ;
in:894 out:891 type:P dur:2 cpbdur:2 q:18.37 aq:10.68 tex:168136 mv:6589 misc:643 imb:55 pmb:1090 smb:2455 d:- ref:0 ;
in:892 out:892 type:B dur:2 cpbdur:2 q:18.37 aq:12.54 tex:60570 mv:7492 misc:898 imb:9 pmb:1025 smb:2566 d:- ref:0 ;
in:891 out:893 type:b dur:2 cpbdur:2 q:18.37 aq:14.08 tex:11829 mv:4124 misc:1591 imb:2 pmb:598 smb:3000 d:- ref:0 ;
in:893 out:894 type:b dur:2 cpbdur:2 q:18.37 aq:14.14 tex:13393 mv:4069 misc:1498 imb:3 pmb:603 smb:2994 d:- ref:0 ;
in:898 out:895 type:P dur:2 cpbdur:2 q:18.37 aq:12.11 tex:112157 mv:6474 misc:689 imb:62 pmb:1066 smb:2472 d:- ref:0 ;
in:896 out:896 type:B dur:2 cpbdur:2 q:18.37 aq:12.68 tex:66511 mv:7273 misc:880 imb:5 pmb:1046 smb:2549 d:- ref:0 ;
in:895 out:897 type:b dur:2 cpbdur:2 q:18.37 aq:14.15 tex:13385 mv:4217 misc:1502 imb:4 pmb:597 smb:2999 d:- ref:0 ;
in:897 out:898 type:b dur:2 cpbdur:2 q:18.37 aq:13.93 tex:16157 mv:4172 misc:1527 imb:0 pmb:646 smb:2954 d:- ref:0 ;
in:900 out:899 type:P dur:2 cpbdur:2 q:18.33 aq:12.61 tex:64131 mv:4236 misc:1025 imb:52 pmb:990 smb:2558 d:- ref:0 ;
in:899 out:900 type:b dur:2 cpbdur:2 q:18.35 aq:14.15 tex:19348 mv:3090 misc:1554 imb:0 pmb:786 smb:2814 d:- ref:0 ;
